Product URL,Product name,brand,Mrp,Sales price,Discount percentage,Number of reviews,Star rating
https://www.amazon.com/Under-Armour-Charged-Assert-Academy/dp/B08CF5FSMJ?psc=1,Under Armour Men's Charged Assert 9 Running Shoe,Under Armour,70.0,52.5,25,20029,4.6
https://www.amazon.com/Under-Armour-Charged-Pursuit-Running/dp/B09691VSVG?psc=1,Under Armour Men's Charged Pursuit 3 --Running Shoe,Under Armour,70.0,52.5,25,659,4.4
https://www.amazon.com/ASICS-Gel-Venture-Running-French-Silver/dp/B096KP3D4H?psc=1,ASICS Men's Gel-Venture 8,ASICS,70.0,44.95,36,8217,4.5
https://www.amazon.com/ASICS-Gel-Kayano-Running-Shoes-Magnetic/dp/B085ZTKBQ3?psc=1,ASICS Men's Gel-Kayano 27 Running Shoes,ASICS,160.0,98.95,38,8613,4.6
https://www.amazon.com/Under-Armour-Surge-Running-Black/dp/B09LSBQ63P?psc=1,Under Armour Men's Surge 3 Running Shoe,Under Armour,60.0,45.0,25,287,4.6
https://www.amazon.com/Nike-Pegasus-Running-Casual-Bq9646-002/dp/B07ZJPJVP3?psc=1,Nike Men's Running Shoe,Nike,118.82,81.0,32,2329,4.6
https://www.amazon.com/adidas-Racer-Trail-Running-Black/dp/B08JN54TGW?psc=1,adidas Men's Racer Tr21 Running Shoe,Adidas,75.0,45.58,39,2751,4.6
https://www.amazon.com/ASICS-Gel-Contend-Running-Shoes-Carrier/dp/B08PKJN1S7?psc=1,ASICS Men's Gel-Contend 7 Running Shoe,ASICS,65.0,41.33,36,4233,4.5
https://www.amazon.com/ASICS-Gel-Venture-Running-Shoes-Metropolis/dp/B07JHQGWCT?psc=1,ASICS Men's Gel-Venture 7,ASICS,70.0,45.18,35,39373,4.6
https://www.amazon.com/Adidas-Racer-Adapt-Running-Carbon/dp/B09321HRGW?psc=1,adidas Men's Lite Racer Adapt 4.0 Running Shoes,Adidas,65.0,39.0,40,7527,4.6
https://www.amazon.com/NIKE-Monarch-Trainer-Metallic-Midnight/dp/B004IM1GHW?psc=1,Nike Men's Air Monarch IV Cross Trainer,Nike,65.0,58.23,10,25979,4.5
https://www.amazon.com/ASICS-Running-Shoes-Classic-White/dp/B08Y98XQPB?psc=1,ASICS Men's JOLT 2 Running Shoes,ASICS,55.0,39.95,27,4335,4.6
https://www.amazon.com/ASICS-Gel-Contend-Sheet-Rock-Asics/dp/B07ZKJQDPM?psc=1,ASICS Men's Gel-Contend 6 Running Shoes,ASICS,65.0,44.95,31,5785,4.6
https://www.amazon.com/ASICS-Gel-Excite-Running-Shoes-Electric/dp/B093ZRJV6C?psc=1,ASICS Men's Gel-Excite 8 Running Shoes,ASICS,75.0,54.95,27,2156,4.7
https://www.amazon.com/adidas-Kaptir-Running-Orbit-Green/dp/B093X4VF3M?psc=1,adidas Men's Kaptir 2.0 Running Shoe,Adidas,90.0,67.49,25,3947,4.6
https://www.amazon.com/adidas-Supernova-Running-White-Black/dp/B091MWZZ77?psc=1,adidas Men's Supernova + Running Shoe,Adidas,120.0,52.59,56,411,4.4
https://www.amazon.com/adidas-Mens-Questar-White-Black/dp/B0877BV55D?psc=1,adidas Men's Questar Flow Nxt Running Shoe,Adidas,75.0,57.16,24,3900,4.3
https://www.amazon.com/PUMA-Mens-Axelion-Running-Black-Castlerock/dp/B08KKDSM4Z?psc=1,PUMA Unisex-Adult Axelion Cross-Trainer,PUMA,75.0,64.99,13,10167,4.6
https://www.amazon.com/adidas-LDW22-Adidasblack-Black-GREY10/dp/B0812KDLPB?psc=1,adidas Men's Lite Racer Adapt 3.0 Running Shoe,Adidas,65.0,52.35,19,12922,4.5
https://www.amazon.com/adidas-Mens-Racer-Adapt-Black/dp/B087F6JBVL?psc=1,adidas Men's Lite Racer Adapt 3.0 Running Shoe,Adidas,65.0,44.98,31,4560,4.6
https://www.amazon.com/Nike-Torch-Running-Shoes-Black/dp/B001CQ3CG0?psc=1,Nike Men's Air Max Torch 3,Nike,119.0,102.27,14,8209,4.5
https://www.amazon.com/Under-Armour-Charged-Rogue-Running/dp/B0969367MV?psc=1,Under Armour Men's Charged Rogue 3 Running Shoe,Under Armour,80.0,60.0,25,238,4.6
https://www.amazon.com/PUMA-Softride-Premier-Running-Black/dp/B097KJHJG3?psc=1,PUMA Men's Softride Premier Slip on Running Shoe,PUMA,70.0,52.46,25,111,4.6
https://www.amazon.com/adidas-Supernova-Running-Sonic-Signal/dp/B08S7Y3YQX?psc=1,adidas Men's Supernova Cushion,Adidas,60.0,47.49,21,1270,4.4
https://www.amazon.com/adidas-Trail-Running-White-Black/dp/B08JN23NLF?psc=1,adidas Men's EQ21 Running Shoe,Adidas,80.0,54.77,32,1613,4.6
https://www.amazon.com/Reebok-Energen-Running-Court-Black/dp/B0964F716M?psc=1,Reebok Men's Energen Plus Running Shoe,Reebok,70.0,39.99,43,578,4.6
https://www.amazon.com/PUMA-Mens-Axelion-Running-Black/dp/B08QD5HK7P?psc=1,PUMA Men's Axelion NXT Running Shoe,PUMA,75.0,53.22,29,619,4.5
https://www.amazon.com/adidas-Mens-Runfalcon-Grey-Black/dp/B087RVR7NV?psc=1,adidas Men's Runfalcon 2.0 Running Shoe,Adidas,60.0,44.99,25,4046,4.6
https://www.amazon.com/Under-Armour-Charged-Impulse-Metallic/dp/B09692T5KG?psc=1,Under Armour Men's Charged Impulse 2 Running Shoe,Under Armour,75.0,56.25,25,829,4.6
https://www.amazon.com/ASICS-Gel-Cumulus-Running-Shoes-Reborn/dp/B08XW77VJ6?psc=1,ASICS Men's Gel-Cumulus 23 Running Shoes,ASICS,120.0,81.95,32,1247,4.5
https://www.amazon.com/adidas-Trail-Running-Metallic-Metal/dp/B08N5K3758?psc=1,adidas Men's Eq19 Trail Running Shoe,Adidas,70.0,59.13,16,918,4.6
https://www.amazon.com/PUMA-Tazon-White-Silver-Running/dp/B01DWP3WKE?psc=1,PUMA Men's Tazon 6 Fade Cross-Trainer Shoe,PUMA,70.0,47.6,32,67826,4.5
https://www.amazon.com/adidas-Questar-Running-Black-Carbon/dp/B091MRPF2Z?psc=1,adidas Men's Questar Running Shoe,Adidas,75.0,55.13,26,356,4.6
https://www.amazon.com/NIKE-Running-Shoes-Black-Black-AH8050-005/dp/B077RWS9F3?psc=1,Nike Men's Gymnastics Shoes,Nike,164.96,152.0,8,4875,4.5
https://www.amazon.com/Under-Armour-Charged-Assert-Marble/dp/B08CFT72V7?psc=1,Under Armour Men's Charged Assert 9 Marble Running Shoe,Under Armour,70.0,52.5,25,1346,4.6
https://www.amazon.com/ASICS-Frequent-Trail-Running-Shoes/dp/B07KXX9SK6?psc=1,ASICS Men's Frequent Trail Running Shoes,ASICS,60.0,54.95,8,7683,4.5
https://www.amazon.com/Reebok-Mens-Running-Vector-White/dp/B08NWBJ77L?psc=1,Reebok Men's Lite Plus 3.0 Running Shoe,Reebok,65.0,52.68,19,60,3.9
https://www.amazon.com/Under-Armour-Charged-Escape-Running/dp/B09693PQXL?psc=1,Under Armour Men's Charged Escape 3 Bl Running Shoe,Under Armour,90.0,67.5,25,276,4.7
https://www.amazon.com/ASICS-Gel-Nimbus-Running-Piedmont-Electric/dp/B096BHS5QJ?psc=1,ASICS Men's Gel-Nimbus 23 Running Shoes,ASICS,150.0,106.66,29,3260,4.6
https://www.amazon.com/NIKE-Mens-Running-White-Black/dp/B01M6WICHW?psc=1,Nike Mens Free Rn 2018 Running Shoe,Nike,139.99,110.99,21,133,4.7
https://www.amazon.com/Under-Armour-Charged-Pursuit-Running/dp/B07PXTZ7RQ?psc=1,Under Armour Men's Charged Pursuit 2 Running Shoe,Under Armour,70.0,59.95,14,17158,4.6
https://www.amazon.com/ASICS-Gel-Venture-Running-Lychee-Whisper/dp/B01N5EVC80?psc=1,ASICS Men's Gel-Venture 6 Running Shoe,ASICS,70.0,49.95,29,19640,4.6
https://www.amazon.com/adidas-Ultraboost-Running-White-Black/dp/B087RV53BP?psc=1,adidas Men's Ultraboost 4.0 DNA Running Shoe,Adidas,180.0,152.47,15,533,4.7
https://www.amazon.com/Reebok-Classic-Harman-Sneaker-black/dp/B01NAIY2RI?psc=1,Reebok Men's Classic Harman Run Sneaker,Reebok,65.0,55.45,15,17053,4.4
https://www.amazon.com/adidas-Fluidflow-Trail-Running-Black/dp/B08JMDHTKL?psc=1,adidas Men's Fluidflow 2.0 Running Shoe,Adidas,80.0,58.96,26,703,4.5
https://www.amazon.com/Under-Armour-Running-Black-White/dp/B095KWLGVW?psc=1,Under Armour Men's Mojo 2 Road Running Shoe,Under Armour,65.0,48.75,25,709,4.5
https://www.amazon.com/Under-Armour-Charged-Impulse-Running/dp/B09691RH1Z?psc=1,Under Armour Men's Charged Impulse 2 Knit Road Running Shoe,Under Armour,80.0,47.61,40,44,4.5
https://www.amazon.com/Nike-Stroke-Running-Black-White/dp/B08Q9PZTL8?psc=1,Nike Men's Stroke Running Shoe,Nike,77.12,72.99,5,990,4.4
https://www.amazon.com/PUMA-Surin-Running-White-Black-Elektro/dp/B08KKN4FM1?psc=1,PUMA Men's Cell Surin 2 Prism Cross-Trainer Shoe,PUMA,0.0,80.31,0,10810,4.5
https://www.amazon.com/adidas-Racer-Running-Black-Carbon/dp/B08MY7FQXR?psc=1,adidas Men's Lite Racer CLN 2.0 Running Shoe,Adidas,60.0,42.0,30,1188,4.5
https://www.amazon.com/ASICS-Noosa-Running-Hazard-Digital/dp/B08VH9T7L4?psc=1,ASICS Men's Noosa Tri 13 Running Shoes,ASICS,130.0,109.95,15,1471,4.8
https://www.amazon.com/adidas-Terrex-Shoes-Black-Carbon/dp/B0941XHXM3?psc=1,adidas Terrex Ax4 Shoes,Adidas,90.0,69.95,22,836,4.3
https://www.amazon.com/adidas-Ultraboost-Alphaskin-Running-White/dp/B09F4WDHXB?psc=1,adidas Men's Ultraboost 5.0 Alphaskin Running Shoe,Adidas,0.0,115.81,0,37,4.7
https://www.amazon.com/Nike-Running-537732-Shoes-Black/dp/B096VS3PHV?psc=1,Nike Men's Free Run 2 Running Shoes Sneaker 537732 004,Nike,79.47,72.84,8,64,4.5
https://www.amazon.com/ASICS-Gel-Kahana-Trail-Runner-Silver/dp/B01GUDPTQ0?psc=1,ASICS Men's Gel-Kahana 8 Running Shoe,ASICS,0.0,84.95,0,5668,4.6
https://www.amazon.com/ASICS-Gel-Contend-Running-Carrier-Silver/dp/B07KJML6D5?psc=1,ASICS Men's Gel-Contend 5 Running Shoes,ASICS,65.0,39.95,39,10564,4.6
https://www.amazon.com/Nike-Pegasus-Running-Black-Thunder/dp/B07H8JBV5D?psc=1,Nike Men's Air Zoom Pegasus 36 Running Shoes,Nike,130.0,119.98,8,4583,4.5
https://www.amazon.com/adidas-Racer-Running-White-Feather/dp/B091M3ZM2J?psc=1,adidas Racer TR21 Shoes Men's,Adidas,75.0,58.42,22,137,4.4
https://www.amazon.com/ASICS-Gel-Excite-Black-White-10/dp/B07V6TVCQT?psc=1,ASICS Men's Gel-Excite 7 Running Shoes,ASICS,75.0,44.95,40,2920,4.7
https://www.amazon.com/adidas-Racer-Adapt-Running-Carbon/dp/B091MLZDR7?psc=1,adidas Men's Lite Racer Adapt 4.0 Running Shoe,Adidas,65.0,55.0,15,498,4.5
https://www.amazon.com/ASICS-Gel-Venture-Running-Shoes-Coffee/dp/B09CLLYBT8?psc=1,ASICS Men's Gel-Venture 8 Mid Top Running Shoes,ASICS,75.0,67.85,10,752,4.4
https://www.amazon.com/Under-Armour-Shadow-Running-Black/dp/B08MV9VFGW?psc=1,Under Armour Men's Shadow Running Shoe,Under Armour,65.0,48.75,25,492,4.6
https://www.amazon.com/adidas-Nebzed-Super-Running-Black/dp/B091L7HJ5Y?psc=1,adidas Men's Nebzed Super Running Shoe,Adidas,100.0,72.81,27,3,5.0
https://www.amazon.com/ASICS-GT-2000-Running-Shoes-French/dp/B08RXV7TL3?psc=1,ASICS Men's Gt-2000 9,ASICS,120.0,89.95,25,2899,4.6
https://www.amazon.com/Nike-Mens-Running-Shoes-Antracite/dp/B06XS8BVXH?psc=1,Nike Men's Air Max 2017 Cool Grey/Anthracite-Dark Grey (849559 008),Nike,0.0,125.0,0,1620,4.5
https://www.amazon.com/adidas-Duramo-Running-Black-White/dp/B091MM1QLX?psc=1,adidas Men's Duramo Sl 2.0 Running Shoe,Adidas,65.0,52.49,19,463,4.5
https://www.amazon.com/Nike-Tanjun-Running-Black-Anthracite/dp/B00XWNWGGS?psc=1,"NIKE Men's Tanjun Sneakers, Breathable Textile Uppers and Comfortable Lightweight Cushioning",Nike,0.0,105.0,0,18513,4.6
https://www.amazon.com/Under-Armour-Charged-Running-Midnight/dp/B09691YK2S?psc=1,Under Armour Men's Charged Breeze Sneaker,Under Armour,90.0,67.5,25,53,4.7
https://www.amazon.com/Reebok-Mens-Floatride-Energy-Running/dp/B0891ZT2KL?psc=1,Reebok Men's Floatride Energy 3.0 Running Shoe,Reebok,100.0,77.0,23,219,4.6
https://www.amazon.com/adidas-Racer-Adapt-Running-White/dp/B09DXWGHY3?psc=1,adidas Men's Lite Racer Adapt 5.0 Running Shoe,Adidas,0.0,64.99,0,0,0.0
https://www.amazon.com/Runner-Repeat-Running-Sneakers-White-Puma/dp/B09W5SQYPY?psc=1,PUMA Men's Viz Runner Cross-trainer,PUMA,89.99,56.32,37,2462,4.5
https://www.amazon.com/Under-Armour-Charged-Pursuit-Running/dp/B08MVBT3PZ?psc=1,Under Armour Men's Charged Pursuit 2 Bl Running Shoe,Under Armour,70.0,45.05,36,1093,4.5
https://www.amazon.com/PUMA-Mens-Softride-Running-Black-Castlerock/dp/B08QCBJ468?psc=1,PUMA Men's Softride Enzo Nxt Running Shoe,PUMA,70.0,59.9,14,501,4.7
https://www.amazon.com/Reebok-Dynamica-Sneaker-Vector-White/dp/B08NV65VSS?psc=1,Reebok Men's Zig Dynamica Running Shoe,Reebok,80.0,61.94,23,1090,4.4
https://www.amazon.com/Under-Armour-Charged-Bandit-Running/dp/B096943P5D?psc=1,Under Armour Men's Charged Bandit 2 Sp Road Running Shoe,Under Armour,0.0,99.95,0,141,4.5
https://www.amazon.com/ASICS-Patriot-Asics-Blue-Midnight/dp/B083GS1244?psc=1,ASICS Men's Patriot 12 Running Shoe,ASICS,60.0,49.95,17,1530,4.4
https://www.amazon.com/Under-Armour-Charged-Bandit-Running/dp/B08MV9C7YQ?psc=1,Under Armour Men's Charged Bandit 2 Running Shoe,Under Armour,90.0,66.48,26,388,4.6
https://www.amazon.com/Nike-React-Black-Black-White-Ci3866/dp/B07ZTVT3XF?psc=1,Nike Men's Gymnastics Shoes,Nike,0.0,80.0,19,6170,4.3
https://www.amazon.com/Under-Armour-Charged-Vantage-Running/dp/B0968ZWWH5?psc=1,Under Armour Men's Charged Vantage 2 Road --Running Shoe,Under Armour,80.0,52.0,35,70,4.5
https://www.amazon.com/ASICS-Running-Shoes-Stone-Glacier/dp/B099CDPNMK?psc=1,ASICS Men's Jolt 3 Running Shoe,ASICS,55.0,39.95,27,760,4.6
https://www.amazon.com/Under-Armour-Charged-Assert-Running/dp/B07G7H4DFK?psc=1,Under Armour Men's Charged Assert 8 Running Shoe,Under Armour,70.0,59.97,14,21338,4.6
https://www.amazon.com/adidas-Duramo-Running-Vivid-White/dp/B09KP2T6XX?psc=1,adidas Men's Duramo 10 Running Shoe,Adidas,70.0,65.06,7,18,4.4
https://www.amazon.com/ASICS-Gel-Excite-Running-Shoes-Hazard/dp/B09CLN6HX5?psc=1,ASICS Men's Gel-Excite 9 Running Shoes,ASICS,75.0,56.73,24,85,4.5
https://www.amazon.com/adidas-Ultraboost-Running-Black-Carbon/dp/B08S7QFR5L?psc=1,adidas Men's Ultraboost 21 Running Shoe,Adidas,190.0,122.52,36,5519,4.6
https://www.amazon.com/ASICS-Gel-Kayano-Running-Shoes-Graphite/dp/B0999RQMRH?psc=1,ASICS Men's Gel-Kayano 28 Running Shoes,ASICS,160.0,119.95,25,1528,4.6
https://www.amazon.com/adidas-Ultraboost-Running-Three-Black/dp/B091MN7ZG5?psc=1,adidas Men's Ultraboost 22 Running Shoe,Adidas,190.0,110.32,42,516,4.6
https://www.amazon.com/Reebok-Floatride-Energy-Daily-Running/dp/B08VBKWZN7?psc=1,"Reebok Men Floatride Energy Daily Running Shoe, 10",Reebok,90.0,49.51,45,56,4.0
https://www.amazon.com/adidas-Terrex-Swift-Black-Yellow/dp/B089471V1C?psc=1,adidas Terrex Swift R3 Gore-TEXÂ® Hiking Shoes,Adidas,150.0,92.8,38,925,4.4
https://www.amazon.com/adidas-X9000L2-Running-Silver-Signal/dp/B08S7QR8P3?psc=1,adidas Men's X9000l2 Trail Running Shoe,Adidas,100.0,50.22,50,200,4.3
https://www.amazon.com/ASICS-Gel-Quantum-180-Black-10/dp/B07TWSF56J?psc=1,ASICS Men's Gel-Quantum 180 5 Shoes,ASICS,120.0,89.95,25,524,4.5
https://www.amazon.com/adidas-Response-Running-Shadow-Legend/dp/B091MJN9M3?psc=1,adidas Men's Response Super 2.0 Trail Running Shoe,Adidas,90.0,61.82,31,901,4.6
https://www.amazon.com/adidas-Questar-Running-Collegiate-Burgundy/dp/B0812KBQS4?psc=1,adidas Men's Questar Flow Sneaker Running Shoe,Adidas,75.0,54.99,27,5273,4.6
https://www.amazon.com/adidas-Flash-Orange-Black-White/dp/B09TT3N9N1?psc=1,adidas EQ21 Run Shoes Men's,Adidas,80.0,74.99,6,10,4.3
https://www.amazon.com/adidas-X9000L1-Running-Shadow-Carbon/dp/B091MSZQV6?psc=1,adidas Men's X9000L1 Sportswear Shoe,Adidas,75.0,59.97,20,1011,4.5
https://www.amazon.com/PUMA-Mens-Cell-Running-Black-Castlerock/dp/B08QD65LYH?psc=1,PUMA Men's Cell Vive Running Shoe,PUMA,75.0,59.85,20,462,4.5
https://www.amazon.com/Nike-Running-Black-Smoke-Numeric_10/dp/B098PCSMC2?psc=1,Nike Men's Flex 2021 Running Shoe,Nike,0.0,89.99,0,93,4.3
https://www.amazon.com/adidas-Racer-Running-Carbon-Black/dp/B091M7JQL7?psc=1,adidas Men's Lite Racer 2.0 Running Shoe,Adidas,60.0,42.7,29,172,4.5
https://www.amazon.com/Reebok-Liquifect-Running-Black-White/dp/B092YYTSGJ?psc=1,Reebok Men's Liquifect 180 3.0 Running Shoe,Reebok,46.18,41.91,9,12,4.2
https://www.amazon.com/adidas-Sl20-2-Running-Sonic-White/dp/B08S7QLPYQ?psc=1,adidas Men's Sl20.2 Trail Running Shoe,Adidas,66.0,57.66,13,120,4.1
https://www.amazon.com/ASICS-Gel-Nimbus-Running-Shoes-Reborn/dp/B08KHK4S5P?psc=1,ASICS Men's Gel-Nimbus Lite 2 Running Shoes,ASICS,0.0,99.95,0,272,4.5
https://www.amazon.com/adidas-Mens-Trainer-Running-Black/dp/B091M6YWP4?psc=1,adidas Men's Dlux Trainer Running Shoe,Adidas,75.0,60.0,20,117,4.4
https://www.amazon.com/adidas-X9000L3-Trail-Running-White/dp/B08N5LX3TL?psc=1,adidas Men's X9000l3 Running Shoe,Adidas,0.0,70.96,0,648,4.4
https://www.amazon.com/PUMA-Aviator-Running-Castlerock-Green-Glare/dp/B08QCLGSDC?psc=1,PUMA Men's Aviator Running Shoe,PUMA,80.0,69.99,13,103,4.3
https://www.amazon.com/adidas-Terrex-Running-Crystal-Yellow/dp/B08JMFP6FG?psc=1,adidas Men's Terrex Two Flow Trail Running Shoe,Adidas,110.0,78.01,29,181,4.7
https://www.amazon.com/SHOES-SNEAKERS-EXCEE-URBANS-Cd4165-001/dp/B07T7K5SFG?psc=1,Nike Men's Cross Trainers,Nike,0.0,43.99,0,5071,4.3
https://www.amazon.com/adidas-Mens-EnergyFalcon-Running-White/dp/B07KX9LB9V?psc=1,adidas Golf Men's Climaheat Competition Quilted 1/2 Zip Pullover,Adidas,70.0,46.0,34,7,4.2
https://www.amazon.com/PUMA-Mens-Fraction-Running-White-High/dp/B08QBTHRD9?psc=1,PUMA Men's CELL FRACTION Running Shoe,PUMA,80.0,62.4,22,455,4.6
https://www.amazon.com/ASICS-Gel-Quantum-Shoes-Black-Drive/dp/B09CHJM97V?psc=1,ASICS Men's Gel-Quantum 90 Sportstyle Shoes,ASICS,85.0,67.95,20,13,4.8
https://www.amazon.com/Nike-Mens-Running-Shoes-White/dp/B08SC763M3?psc=1,Nike Air Max Sc Men's Sneakers,Nike,199.0,102.31,49,150,4.5
https://www.amazon.com/ASICS-Versablast-Running-Piedmont-Thunder/dp/B096QCHTB2?psc=1,ASICS Men's VERSABLAST Running Shoe,ASICS,70.0,62.97,10,1134,4.4
https://www.amazon.com/Under-Armour-Charged-Pursuit-Special/dp/B087TLRYZZ?psc=1,Under Armour Men's Charged Pursuit 2 Special Edition Running Shoe,Under Armour,70.0,47.18,33,1011,4.6
https://www.amazon.com/PUMA-Aviator-Winter-Running-Silver/dp/B08QCP37VQ?psc=1,PUMA Men's Aviator Winter Running Shoe,PUMA,80.0,49.95,38,9,4.3
https://www.amazon.com/Nike-Mens-Winflo-Black-Numeric_10/dp/B094G1FMRG?psc=1,Nike Men's Air Zoom Winflo 8 Black/Red/Grey,Nike,129.99,90.94,30,234,4.4
https://www.amazon.com/Puma-Mens-Axelion-Running-White-High/dp/B097KK96VQ?psc=1,PUMA Men's Axelion Ls Running Shoe,PUMA,75.0,58.45,22,0,0.0
https://www.amazon.com/ASICS-Gel-Nimbus-Running-Shoes-Reborn/dp/B08QDSRPM6?psc=1,ASICS Men's Gel-Nimbus 23 Knit Running Shoes,ASICS,150.0,99.95,33,228,4.2
https://www.amazon.com/PUMA-Sneaker-Leather-Puma-White-Gray-Numeric_10/dp/B0B1JT23Y8?psc=1,PUMA Men's El Rey 2 Sneaker,PUMA,0.0,65.9,0,1423,4.3
https://www.amazon.com/ASICS-Tiger-Runner-Black-White/dp/B07V3FPN4F?psc=1,ASICS Unisex Sneaker Running Shoe,ASICS,60.0,54.97,8,998,4.5
https://www.amazon.com/adidas-Trainer-Running-Silver-Vivid/dp/B091MN23RR?psc=1,adidas Men's Dlux Trainer Running Shoe,Adidas,75.0,59.97,20,149,4.4
https://www.amazon.com/Nike-Quest-Running-Photon-Midnight/dp/B098PCHQPG?psc=1,Nike Men's Quest 4 Platform,Nike,113.25,91.49,19,46,4.4
https://www.amazon.com/Under-Armour-Charged-Rogue-Circuit/dp/B087TMQ85S?psc=1,Under Armour Men's Charged Rogue 2.5 Running Shoe,Under Armour,80.0,69.97,13,964,4.6
https://www.amazon.com/adidas-Terrex-Trail-Running-Solid/dp/B09KP2RZQF?psc=1,adidas Men's Terrex Ax3 Trail Running Shoe,Adidas,0.0,75.15,0,4,4.4
https://www.amazon.com/ASICS-GT-2000-Running-Shoes-White/dp/B09CDZ121S?psc=1,ASICS Men's GT-2000 10 Running Shoes,ASICS,0.0,129.95,0,383,4.6
https://www.amazon.com/NIKE-Flyknit-Running-Shoes-Black/dp/B078Y7PF5K?psc=1,Nike Men's Free RN Flyknit Running Shoe,Nike,0.0,43.99,0,2519,4.6
https://www.amazon.com/Nike-Experience-Black-White-Dark-Regular/dp/B07RFNMZX2?psc=1,Nike Men's Flex Experience Run 9 4e Shoe,Nike,0.0,99.99,0,2771,4.4
https://www.amazon.com/adidas-Terrex-Trail-Running-Black/dp/B091MGPW5S?psc=1,adidas Men's Terrex Two Flow Trail Running Shoe,Adidas,110.0,69.6,37,12,4.5
https://www.amazon.com/ASICS-Gel-Quantum-Shoes-Black-Silver/dp/B096BKJMZQ?psc=1,ASICS Men's Gel-Quantum 90 Shoes,ASICS,0.0,49.95,0,466,4.4
https://www.amazon.com/ASICS-Gel-Sonoma-Running-Shoes-Digital/dp/B08PK8WL4T?psc=1,ASICS Men's Gel-Sonoma 6 Running Shoe,ASICS,80.0,69.95,13,334,4.5
https://www.amazon.com/Nike-Genome-Running-Black-volt-pure-Platinum/dp/B09SB8LSZ6?psc=1,Nike Mens Air Max Genome Running Sneaker Shoes Cw1648,Nike,0.0,118.15,0,109,4.3
https://www.amazon.com/adidas-Mens-Ultraboost-Running-Black/dp/B0877B24FF?psc=1,adidas Men's Ultraboost 4.0 DNA Running Shoe,Adidas,0.0,221.95,0,441,4.6
https://www.amazon.com/ASICS-Tiger-Runner-Shoes-Midnight/dp/B08PKFDR35?psc=1,ASICS Men's Tiger Runner Shoes,ASICS,0.0,70.0,0,322,4.7
https://www.amazon.com/Under-Armour-Charged-Vantage-Running/dp/B08MV9X5P9?psc=1,Under Armour Men's Charged Vantage Running Shoe,Under Armour,0.0,76.79,0,881,4.3
https://www.amazon.com/Reebok-Mens-ZTAUR-Running-Shoe/dp/B08X6YQ6V5?psc=1,Reebok Men's Ztaur Running Shoe,Reebok,0.0,65.0,0,61,4.6
https://www.amazon.com/adidas-Solarglide-Shoes-Mens-White/dp/B09TT2FJVR?psc=1,adidas Solarglide 5 Shoes Men's,Adidas,130.0,71.55,45,31,4.6
https://www.amazon.com/Nike-Tanjun-Black-Black-Barely-Volt/dp/B09K5RSRFD?psc=1,Nike Men's Sports and Outdoor Shoes,Nike,0.0,60.7,0,228,4.2
https://www.amazon.com/adidas-Alphatorsion-Boost-Running-White/dp/B082QFS7D8?psc=1,adidas Men's Alphatorsion Boost Running Shoe,Adidas,150.0,83.74,44,561,4.4
https://www.amazon.com/Nike-Plus-White-Black-Cool-Grey/dp/B01IOBWKFO?psc=1,NIKE Air Max Plus SE TN1 Tuned Men's Sneaker,Nike,188.95,179.99,5,996,4.5
https://www.amazon.com/adidas-Solar-Boost-Running-Copper/dp/B0812KWDC9?psc=1,adidas Men's Solar Boost 19 Running Shoe,Adidas,160.0,119.95,25,734,4.5
https://www.amazon.com/Reebok-Unisex-FUSIUM-Black-White/dp/B07XW1CWWN?psc=1,Reebok Unisex Fusium Run Lite Shoe,Reebok,85.0,36.05,58,86,4.2
https://www.amazon.com/adidas-Terrex-Voyager-Heat-RDY-Shoes/dp/B08RJYMK1T?psc=1,adidas Men's Terrex Voyager 21 Travel Hiking Shoe,Adidas,100.0,61.6,38,50,4.4
https://www.amazon.com/adidas-Terrex-Agravic-Trail-Running/dp/B08941GXTC?psc=1,"adidas Men's Climbing Shoes, US:10.5",Adidas,80.0,74.99,6,3815,4.4
https://www.amazon.com/adidas-Mens-Sl20-Sneaker-Grey/dp/B07S9N7Q3R?psc=1,adidas Men's SL20 Running Shoe,Adidas,120.0,89.95,25,440,4.6
https://www.amazon.com/adidas-Alphatorsion-Running-White-Black/dp/B0812K33DK?psc=1,Alphatorsion 360 Running Shoe,Adidas,100.0,74.95,25,846,4.3
https://www.amazon.com/adidas-Astrarun-Running-Sneakers-Shoes/dp/B095XP2WPJ?psc=1,adidas Men's Astrarun M Sneaker,Adidas,100.0,59.95,40,344,4.4
https://www.amazon.com/ASICS-Glideride-Lite-Show-Running-LITE-Show/dp/B08VRLN8XS?psc=1,ASICS Men's Glideride 2 Running Shoes,ASICS,150.0,109.95,27,100,4.6
https://www.amazon.com/Nike-React-Infinity-Running-Black/dp/B082KGLV89?psc=1,Nike Men's Competition Running Shoes,Nike,0.0,130.0,0,1054,4.5
https://www.amazon.com/Nike-Running-Trainers-Sneakers-University/dp/B08XVQVTQF?psc=1,Nike Men's Basketball Shoe,Nike,0.0,114.99,0,242,4.6
https://www.amazon.com/NIKE-Mens-Reax-Anthracite-Black-Volt/dp/B00ZYBT6DW?psc=1,Nike Reax 8 TR Men's Cross-Trainers Athletic Sneakers Shoes,Nike,0.0,179.91,0,1085,4.4
https://www.amazon.com/ASICS-Gel-Excite-Running-Shoes-Oyster/dp/B09CLM172Q?psc=1,ASICS Men's Gel-Excite 9 Running Shoes,ASICS,75.0,64.95,13,1,5.0
https://www.amazon.com/Nike-Pegasus-CW7356-001-Running-Black-Volt/dp/B08QBN7MTC?psc=1,Nike Men's Air Zoom Pegasus 38 Running Shoe,Nike,120.0,114.4,5,281,4.4
https://www.amazon.com/adidas-Terrex-Agravic-Black-Screaming/dp/B08RK1NH2C?psc=1,adidas Men's Terrex Agravic BOA Trail Running Shoe,Adidas,0.0,163.95,0,65,4.4
https://www.amazon.com/Nike-Mens-Running-Shoes-Antracite/dp/B06XSD4DNF?psc=1,Nike Men's Air Max 2017 Black/Black-Black (849559 004),Nike,157.98,123.98,22,80,4.3
https://www.amazon.com/Nike-Running-Trainers-Sneakers-Obsidian/dp/B09MKCT5NJ?psc=1,Nike Men's Air Max 2021 Sneaker,Nike,176.67,128.93,27,41,4.3
https://www.amazon.com/ASICS-Gecko-Trail-Running-Shoe/dp/B072LN5G8W?psc=1,ASICS Men's Gecko XT Running Shoes,ASICS,0.0,49.85,0,386,4.1
https://www.amazon.com/ASICS-Tiger-Runner-Sportstyle-Sunflower/dp/B09X2YQKJH?psc=1,ASICS Men's Tiger Runner Sportstyle Shoes,ASICS,65.0,60.0,8,12,4.8
https://www.amazon.com/Nike-Mens-Waffle-DH1349-Trainer/dp/B09DBG9MB9?psc=1,Nike Men's Race Running Shoe,Nike,0.0,80.8,0,3032,4.5
https://www.amazon.com/adidas-Climacool-Vento-Running-Fx7842/dp/B08GDWXZNX?psc=1,adidas Climacool Vento Shoe - Unisex Running,Adidas,0.0,80.0,0,127,4.3
https://www.amazon.com/Nike-Rival-Sprint-Spikes-nk907564/dp/B07C5C9WQM?psc=1,Nike Men's Track & Field Shoes,Nike,129.99,65.0,50,809,4.5
https://www.amazon.com/adidas-Futurenatural-Trail-Running-Sonic/dp/B08JMDX7NL?psc=1,adidas Men's Futurenatural Trail Running Shoe,Adidas,120.0,103.3,14,131,4.4
https://www.amazon.com/adidas-Solar-Glide-Trail-Running/dp/B08N5H658B?psc=1,adidas Men's Solar Glide 4 Trail Running Shoe,Adidas,0.0,73.92,0,61,4.5
https://www.amazon.com/ASICS-Gel-Pulse-Running-French-Safety/dp/B099C839YZ?psc=1,ASICS Men's Gel-Pulse 13 All Winter Long Running Shoes,ASICS,90.0,79.95,11,5,4.5
https://www.amazon.com/adidas-Mens-Runfalcon-Running-Silver/dp/B091MM2NF9?psc=1,adidas Men's Runfalcon 2.0 Tr Running Shoe,Adidas,0.0,58.2,0,442,4.4
https://www.amazon.com/ASICS-Gel-Kayano-LITE-Show-Running-Shoes/dp/B09CLN2PF5?psc=1,ASICS Men's Gel-Kayano 28 LITE-Show Running Shoes,ASICS,0.0,116.03,0,11,4.0
https://www.amazon.com/Nike-Mens-Free-Run-DH8853/dp/B09J5598PF?psc=1,Nike Men's Free Run 2 Shoes Dh8853,Nike,0.0,69.92,12,2,5.0
https://www.amazon.com/Nike-Invigor-Running-White-Opti-Yellow/dp/B07ZTVNR3Q?psc=1,Nike Men's Stroke Running Shoe,Nike,0.0,109.97,0,94,4.5
https://www.amazon.com/adidas-Alphatorsion-Trail-Running-White/dp/B08N5PX6G2?psc=1,adidas Men's Alphatorsion 2.0 Trail Running Shoe,Adidas,110.0,86.18,22,137,4.4
https://www.amazon.com/Reebok-Mens-Running-Black-White/dp/B08X6T57KL?psc=1,Reebok Men's Lite 3.0 Running Shoe,Reebok,55.0,40.77,26,15,4.0
https://www.amazon.com/Nike-Joyride-Fashion-Running-ShoesCd4365-001/dp/B07YTXWGF6?psc=1,Nike Men's Jogging Road Running Shoe,Nike,0.0,159.99,0,274,4.5
https://www.amazon.com/ASICS-GT-1000-Running-Shoes-Drive/dp/B09CLLWXXF?psc=1,ASICS Men's GT-1000 11 Running Shoes,ASICS,0.0,99.95,0,19,4.8
https://www.amazon.com/ASICS-Gel-Sonoma-Running-Shoes-Graphite/dp/B07TBGMZQ6?psc=1,ASICS Men's Gel-Sonoma 5 Running Shoes,ASICS,80.0,69.95,13,431,4.5
https://www.amazon.com/Reebok-Mens-Floatride-Energy-Running/dp/B089XJ7MF2?psc=1,Reebok mens Floatride Energy Grow,Reebok,119.95,83.95,30,7,4.3
https://www.amazon.com/ASICS-GT-1000-Running-Shoes-Drive/dp/B09CLLYDV1?psc=1,ASICS Men's GT-1000 11 Running Shoes,ASICS,0.0,99.95,0,1,5.0
https://www.amazon.com/ASICS-GlideRide-Running-Shoes-Black/dp/B07X5BSQ5L?psc=1,ASICS Men's GlideRide Running Shoes,ASICS,150.0,99.95,33,232,4.4
https://www.amazon.com/adidas-Mens-Quadcube-Sneaker-Black/dp/B07S6XX1GH?psc=1,adidas Men's Vistech Running Shoe,Adidas,0.0,45.0,0,114,4.0
https://www.amazon.com/PUMA-Velocity-Running-Lace-Up-Classic/dp/B097C8VR3M?psc=1,Puma Men's Velocity Nitro 2 Running Shoe,PUMA,0.0,104.01,0,13,4.6
https://www.amazon.com/ASICS-HyperGEL-SAI-Running-Black-Samba/dp/B079RMMMYJ?psc=1,ASICS Men's HyperGEL-SAI Running Shoes,ASICS,120.0,54.99,54,291,4.0
https://www.amazon.com/adidas-Boost-Trail-Running-White/dp/B08JN9MKWH?psc=1,adidas Men's Solar Boost 3 Trail Running Shoe,Adidas,160.0,76.18,52,92,4.5
https://www.amazon.com/adidas-Ultraboost-Burgandy-Responsive-Running/dp/B08W1TXCBK?psc=1,adidas Men's Ultraboost Ltd,Adidas,0.0,149.95,0,350,4.5
https://www.amazon.com/ASICS-Gel-Kinsei-Blast-Running-Yellow/dp/B099C3B3MP?psc=1,ASICS Men's Gel-Kinsei Blast Running Shoes,ASICS,0.0,179.9,0,161,4.8
https://www.amazon.com/Nike-Platinum-Black-Metallic-Silver-Numeric_10/dp/B086DS1NHR?psc=1,Nike Unisex-Adult Running Shoe,Nike,0.0,84.27,0,186,4.6
https://www.amazon.com/Nike-Vapormax-Monochrome-DH4084-100-Numeric_10/dp/B0948Q8K4B?psc=1,Nike Men's Sneaker,Nike,0.0,200.0,0,102,4.4
https://www.amazon.com/adidas-Gameday-Sneaker-White-Black/dp/B07RZV2TH3?psc=1,adidas Men's Running Shoe,Adidas,80.0,71.95,10,1436,4.6
https://www.amazon.com/adidas-SL20-3-Running-Black-White/dp/B091MT9K3X?psc=1,adidas Men's Sl20.3 Running Shoe,Adidas,110.0,63.81,42,8,4.3
https://www.amazon.com/Reebok-Mens-Running-White-Black/dp/B07T3HG3RT?psc=1,Reebok Men's Lite 2.0 Running Shoe,Reebok,0.0,54.28,0,143,4.5
https://www.amazon.com/adidas-Ultraboost-C-RDY-Running-Metallic/dp/B08S7T7Z4W?psc=1,adidas Men's Ultraboost Cold.rdy DNA Running Shoe,Adidas,180.0,108.52,40,68,4.4
https://www.amazon.com/ASICS-Gel-Kumo-Running-French-Piedmont/dp/B096FF879V?psc=1,ASICS Men's Gel-Kumo Lyte 2 Running Shoes,ASICS,80.0,64.95,19,92,4.5
https://www.amazon.com/adidas-Racer-Adapt-Running-Black/dp/B093X3HZ66?psc=1,adidas Men's Lite Racer Adapt 4.0 Running Shoes,Adidas,65.0,44.95,31,64,4.4
https://www.amazon.com/adidas-Glide-Trail-Running-Black/dp/B08N5M6DZB?psc=1,adidas Men's Solar Glide 4 St Trail Running Shoe,Adidas,140.0,102.79,27,45,4.1
https://www.amazon.com/ASICS-Gel-Cumulus-Mens-Running-Peacoat/dp/B077MDLQ25?psc=1,ASICS Men's Gel-Cumulus 20 Running Shoes,ASICS,120.0,106.41,11,2854,4.6
https://www.amazon.com/adidas-Racer-Running-Carbon-Metallic/dp/B091MQ45HJ?psc=1,adidas Men's Lite Racer Adapt 4.0 Running Shoe,Adidas,0.0,65.0,0,71,4.5
https://www.amazon.com/adidas-NMD_R1-Shoes-Mens-Green/dp/B09RLZS29Q?psc=1,adidas NMD_R1 Shoes Men's,Adidas,150.0,119.96,20,19,4.7
https://www.amazon.com/ASICS-Magic-Speed-Running-Sunrise/dp/B08XWRWX3Q?psc=1,ASICS Men's Magic Speed Running Shoes,ASICS,150.0,94.19,37,95,4.6
https://www.amazon.com/ASICS-Dynablast-White-Green-Gecko/dp/B089YLDTRH?psc=1,ASICS Men's DYNABLAST 2 Running Shoes,ASICS,100.0,83.97,16,4,3.8
https://www.amazon.com/ASICS-Gel-Kayano-Running-Shoes-Sheet/dp/B09WBRZCM9?psc=1,ASICS Men's Gel-Kayano 29 Running Shoes,ASICS,0.0,159.95,0,0,0.0
https://www.amazon.com/adidas-Terrex-Agravic-Ultra-Running/dp/B09329SXQ2?psc=1,adidas Terrex Agravic Ultra Trail Running Shoes Men's,Adidas,160.0,84.13,47,37,4.3
https://www.amazon.com/adidas-Fluidstreet-Running-Black-White/dp/B0812KC3K8?psc=1,adidas Men's Fluidstreet Running Shoe,Adidas,65.0,60.7,7,202,4.6
https://www.amazon.com/adidas-Response-Solar-Running-Orange/dp/B098RHJ29J?psc=1,adidas Men's Response Solar Running Shoe,Adidas,70.0,52.97,24,5,4.5
https://www.amazon.com/adidas-Unisex-Climacool-Running-Black/dp/B091Z9WV1Q?psc=1,adidas Unisex-Adult Climacool Running Shoe,Adidas,0.0,69.14,20,10,3.5
https://www.amazon.com/adidas-Solar-Boost-Black-Silver/dp/B087FB6Q5T?psc=1,adidas Men's Solar Boost 21 Running Shoe,Adidas,160.0,81.1,49,88,4.3
https://www.amazon.com/adidas-Ultraboost-White-Core-Black/dp/B08R2HYSMM?psc=1,adidas Running Ultraboost DNA,Adidas,180.0,92.85,48,133,4.4
https://www.amazon.com/adidas-Alphabounce-Black-Scarlet-Grey/dp/B096FHRY23?psc=1,adidas Alphabounce 1,Adidas,0.0,139.99,0,103,4.3
https://www.amazon.com/adidas-Fluidflow-Running-Sonic-Black/dp/B08JMGJM9J?psc=1,adidas Men's Fluidflow 2.0 Running Shoe,Adidas,74.95,59.95,20,24,3.8
https://www.amazon.com/Reebok-Liquifect-Running-Jetsons-Flintstones/dp/B08X63B39F?psc=1,Reebok Unisex-Adult x Jelly Belly Liquifect 180 3.0 Training Trail Running Shoes for Men Women,Reebok,0.0,62.25,0,6,5.0
https://www.amazon.com/ASICS-Gel-Quantum-Shoes-Black-AIZURI/dp/B08PK3P5MG?psc=1,ASICS Men's Gel-Quantum 360 6 Shoes,ASICS,150.0,99.95,33,221,4.4
https://www.amazon.com/Reebok-Mens-Forever-Floatride-Running/dp/B08SDYPY8Z?psc=1,Reebok Men's Forever Floatride Grow Running Shoe - Color: Classic White/Straw/Super Neutral - Size:,Reebok,119.95,79.36,34,18,4.3
https://www.amazon.com/Nike-Mens-Bolt-Running-Black/dp/B08SWCY4TW?psc=1,Nike Men's Stroke Running Shoe,Nike,0.0,78.99,5,93,4.5
https://www.amazon.com/adidas-Fluidflow-Running-Silver-Metallic/dp/B08N5KSD64?psc=1,adidas Men's Fluidflow 2.0 Running Shoe,Adidas,0.0,99.97,0,70,4.4
https://www.amazon.com/ASICS-Gel-Ziruss-Running-Peacoat-Safety/dp/B07TLXRGNY?psc=1,ASICS Men's Gel-Ziruss 3 Running Shoes,ASICS,0.0,79.95,0,196,4.5
https://www.amazon.com/ASICS-Gel-Quantum-90-Running-Black/dp/B07D7QYVCB?psc=1,ASICS Men's Gel-Quantum 90 Running Shoes,ASICS,80.0,70.13,12,4090,4.5
https://www.amazon.com/Nike-Downshifter-Sneaker-Black-Anthracite-Regular/dp/B07H84H4MH?psc=1,Nike Men's Downshifter 9 Running Shoe,Nike,0.0,120.0,0,7447,4.5
https://www.amazon.com/Nike-Running-Shoes-Black-White/dp/B009D4YCCG?psc=1,Nike Men's AIR MAX IVO,Nike,0.0,106.6,18,91,4.5
https://www.amazon.com/adidas-Racer-Running-Black-White/dp/B077XCHLTS?psc=1,adidas Men's Lite Racer CLN Running Shoe,Adidas,65.0,59.95,8,1765,4.6
https://www.amazon.com/Nike-Running-Shoes-Bright-Crimson/dp/B098F65SGX?psc=1,Nike Air Max Ap Mens Running Trainers Cu4826 Sneakers Shoes,Nike,0.0,94.63,0,81,4.2
https://www.amazon.com/Reebok-Floatride-Panthea-Horizon-Vector/dp/B08MJ4QBWR?psc=1,Reebok Men's Floatride Run Panthea,Reebok,0.0,69.99,0,7,4.8
https://www.amazon.com/Nike-Joyride-Flyknit-Running-Electric/dp/B081Y32SHQ?psc=1,Nike Men's Trail Running Shoes,Nike,0.0,268.06,0,463,4.3
https://www.amazon.com/ASICS-Gel-Nimbus-LITE-Show-Running-Safety/dp/B09CLMQK5F?psc=1,ASICS Men's Gel-Nimbus 24 LITE-Show Running Shoes,ASICS,0.0,159.95,0,21,4.7
https://www.amazon.com/Nike-Revolution-FlyEase-Nature-Running/dp/B09NMG9TZV?psc=1,Nike Men's Revolution 6 FlyEase Next Nature Easy-On-and-Off Road Running Shoes,Nike,80.0,73.82,8,20,4.1
https://www.amazon.com/ASICS-GT-II-Shoes-White-Monaco/dp/B095YFQ21T?psc=1,ASICS Men's GT-II Shoes,ASICS,85.0,68.95,19,31,4.3
https://www.amazon.com/Nike-Running-Sneakers-Metallic-Gold-black/dp/B07SHHVHVF?psc=1,Nike Men's Air Max 200,Nike,0.0,49.99,0,2797,4.5
https://www.amazon.com/ASICS-Gel-Quantum-Street-Shoes-Graphite/dp/B08SSRC4ZW?psc=1,ASICS Men's Gel-Quantum 90 2 Street Shoe,ASICS,85.0,79.95,6,84,4.6
https://www.amazon.com/PUMA-Runner-Neutral-Running-Trainer/dp/B07DBWVFT9?psc=1,PUMA Men's Flyer Runner Running Shoe,PUMA,0.0,54.31,0,1069,4.4
https://www.amazon.com/adidas-Galaxy-Shoe-Running-White/dp/B097TTXHGZ?psc=1,adidas mens Galaxy,Adidas,0.0,78.13,0,114,4.5
https://www.amazon.com/adidas-Sensebounce-Sneaker-Black-White/dp/B07KTWJ3PL?psc=1,adidas Men's Sensebounce + Running Shoe,Adidas,100.0,74.95,25,275,4.5
https://www.amazon.com/Nike-Running-Trainers-CW7121-Sneakers/dp/B09VPX6GH5?psc=1,Nike Men's React Miler 2 Running Shoes,Nike,0.0,113.1,0,46,4.1
https://www.amazon.com/PUMA-Running-Black-Yellow-Alert-Star-Sapphire/dp/B08K4BFM9S?psc=1,PUMA Men's Enzo 2 Running Shoe,PUMA,0.0,73.45,0,229,4.5
https://www.amazon.com/ASICS-GT-1000-Running-Black-Electric/dp/B09PMQ1ZLW?psc=1,ASICS Men's GT-1000 11 Running Shoe,ASICS,0.0,99.95,0,7,5.0
https://www.amazon.com/adidas-Shoes-Black-Silver-Metallic/dp/B083KYRT3K?psc=1,adidas Women's SL20 Running Shoe,Adidas,120.0,79.95,33,384,4.4
https://www.amazon.com/adidas-Adizero-Trail-Running-White/dp/B08N5LY6XH?psc=1,adidas Men's Adizero Rc 3 Trail Running Shoe,Adidas,100.0,72.99,27,36,4.6
https://www.amazon.com/ASICS-Gel-Nimbus-Running-Shoes-Hazard/dp/B09CLLGP6W?psc=1,ASICS Men's Gel-Nimbus LITE 3 Running Shoes,ASICS,0.0,150.0,6,31,4.3
https://www.amazon.com/ASICS-Gel-Noosa-Running-Shoes-Black/dp/B08NCW7RSZ?psc=1,ASICS Men's Gel-Noosa Tri 12 Running Shoes,ASICS,0.0,134.0,0,809,4.7
https://www.amazon.com/ASICS-Novablast-Running-Digital-Marigold/dp/B08VH8BBK7?psc=1,"ASICS Men's Sneaker,Running Shoes",ASICS,0.0,129.95,0,1982,4.5
https://www.amazon.com/ASICS-Gel-Kayano-Sportstyle-Shoes-White/dp/B07SCQ1CDX?psc=1,ASICS Men's Gel-Kayano 5 360 Shoes,ASICS,150.0,99.95,33,98,4.1
https://www.amazon.com/Nike-Excee-Mens-Shoes-Color/dp/B09XHJ3YSS?psc=1,Nike Men's Air Max Excee Iron Grey/Dk Smoke Grey (DM8683 001),Nike,0.0,116.02,0,9,4.8
https://www.amazon.com/adidas-Adizero-Boston-Running-Shoe/dp/B08JMBCWYV?psc=1,"adidas Adizero Boston 10 M, Men's Running Shoes",Adidas,0.0,139.95,0,110,4.3
https://www.amazon.com/adidas-Mens-Cold-RDY-Carbon-Black/dp/B08JMGG8YF?psc=1,adidas Men's EQ21 Run Cold.RDY Shoe,Adidas,85.0,69.75,18,75,4.2
https://www.amazon.com/ASICS-Gel-Cumulus-Running-French-Safety/dp/B0971FQKZG?psc=1,ASICS Men's Gel-Cumulus 23 All Winter Long Running Shoes,ASICS,0.0,75.65,0,0,0.0
https://www.amazon.com/Nike-Experience-Black-Reflective-Silver-White-Regular/dp/B07GHQJK2Z?psc=1,Nike Men's Flex Experience Run 8 Sneaker,Nike,0.0,139.99,0,6299,4.5
https://www.amazon.com/adidas-Running-Alphabounce-Instinct-Orange/dp/B07HVJ14NN?psc=1,adidas Women's Alphabounce Instinct Cc,Adidas,0.0,69.9,0,129,4.4
https://www.amazon.com/Nike-React-Flyknit-Running-Diffused/dp/B07F93ZP1Z?psc=1,Nike Men's Competition Running Shoes,Nike,0.0,189.99,0,268,4.4
https://www.amazon.com/Nike-Royal-Summit-White-Red-DJ3624/dp/B0B2TS9NTP?psc=1,Nike Men's Air Max Dawn Team Royal/Summit White-Red Clay (DJ3624 400),Nike,0.0,114.95,0,0,0.0
https://www.amazon.com/Under-Armour-Charged-Bandit-Running/dp/B07CTQ6K5N?psc=1,Under Armour Men's Horizon STR 1.5 Running Shoe,Under Armour,0.0,89.41,0,12,4.6
https://www.amazon.com/ASICS-Gel-Trabuco-Running-Shoes-Carrier/dp/B08PPT7XN6?psc=1,ASICS Men's Gel-Trabuco 9 Running Shoes,ASICS,0.0,150.0,0,3,5.0
https://www.amazon.com/adidas-Edge-Flex-Shoes-Mens/dp/B07YN7H74P?psc=1,adidas Mens Edge Flex Running Sneakers Shoes - Grey,Adidas,0.0,59.95,0,24,4.2
https://www.amazon.com/adidas-Alphabounce-Running-Medium-Heather/dp/B01N1T2U9U?psc=1,adidas Unisex-Adult Alphabounce HPC AMS M Running Shoe,Adidas,110.0,104.95,5,206,4.5
https://www.amazon.com/Reebok-Mens-Running-White-Black/dp/B09HJGNCW1?psc=1,Reebok Men's Lite Plus 3.0 Running Shoe,Reebok,0.0,48.99,0,0,0.0
https://www.amazon.com/Nike-React-Phantom-Volt-DM7603/dp/B09W1SWTPB?psc=1,Nike React Phantom Run FK 2 Volt,Nike,0.0,154.18,0,3,4.6
https://www.amazon.com/ASICS-Gel-Pulse-Running-Shoes-Silver/dp/B089GYG23M?psc=1,ASICS Men's Gel-Pulse 12 Running Shoes,ASICS,90.0,84.77,6,332,4.6
https://www.amazon.com/Nike-Mens-Air-Running-Shoes/dp/B097NFPYFN?psc=1,Nike Mens Air Max 97 Running Shoes,Nike,0.0,225.0,0,10,4.7
https://www.amazon.com/ASICS-Mens-Gel-Kayano-Black-Running/dp/B07BHRMSHX?psc=1,ASICS Men's Gel-Kayano 25 NYC Running Shoes,ASICS,0.0,119.95,0,87,4.5
https://www.amazon.com/Nike-React-Presto-Unisex-Shoes/dp/B08XBBSPQG?psc=1,Nike mens Running Shoes,Nike,0.0,95.0,0,6,4.8
https://www.amazon.com/ASICS-Mens-Gel-Kumo-Shoes-Black/dp/B07SLJNSYB?psc=1,ASICS Men's Gel-Kumo Lyte Shoes,ASICS,0.0,81.54,0,274,4.6
https://www.amazon.com/Nike-Running-Thunder-Crimson-Numeric_10/dp/B07NNRN89H?psc=1,"Nike Mens Running (10, Thunder Grey/Team Crimson, Numeric_10)",Nike,0.0,65.49,0,39,3.8
https://www.amazon.com/ASICS-HyperGEL-KENZEN-Running-Shoes-Black/dp/B07BMKXJ5N?psc=1,ASICS Men's HyperGEL-KENZEN Running Shoes,ASICS,130.0,87.73,33,280,4.3
https://www.amazon.com/adidas-Climacool-Vento-Running-Sneakers/dp/B09H4SQG6R?psc=1,adidas Mens Climacool Vento Running Sneakers Shoes - White,Adidas,0.0,99.95,0,1,5.0
https://www.amazon.com/ASICS-Gel-Cumulus-Running-Phantom-Medium/dp/B01N3LRWAQ?psc=1,ASICS Men's Gel-Cumulus 19 Running Shoe,ASICS,0.0,120.0,0,3813,4.4
https://www.amazon.com/Nike-Zoom-Pegasus-Shield-nkCQ7935/dp/B08BTG2CJ1?psc=1,"Nike Women's Air Zoom Pegasus 37 Shield Running Shoe, CQ8639-003",Nike,0.0,130.0,0,39,4.3
https://www.amazon.com/Adidas-Running-Ultraboost-Black-Signal/dp/B082X5B7X3?psc=1,adidas Originals Zx 2k Boost Mens Casual Running Shoe Fx8835 Size,Adidas,0.0,180.0,0,48,4.9
https://www.amazon.com/adidas-Supernova-Running-Silver-Black/dp/B082CXHP2R?psc=1,adidas Unisex-Adult Supernova Running Shoe,Adidas,100.0,70.38,30,53,4.4
https://www.amazon.com/PUMA-Aviator-Running-Sneakers-Shoes/dp/B0B2VJG6J2?psc=1,PUMA Mens Aviator Running Sneakers Shoes - Pink,PUMA,0.0,54.95,0,0,0.0
https://www.amazon.com/Nike-Rival-Track-nk907564-Numeric_10/dp/B09SS5PP6L?psc=1,Nike Zoom Rival S 9 Track and Field Shoes nk907564 406,Nike,0.0,94.0,0,19,4.9
https://www.amazon.com/Under-Armour-Speedform-Velociti-Graphic/dp/B01NCEC3DO?psc=1,Under Armour Women's Speedform Velociti Graphic Running Shoe,Under Armour,0.0,77.16,0,99,4.4
https://www.amazon.com/Nike-Invigor-Running-Trainers-Sneakers/dp/B0B61XMDC5?psc=1,Nike Air Max Invigor Low Top Men's Running Sneakers,Nike,0.0,144.99,0,1964,4.4
https://www.amazon.com/Nike-Running-Shoes-Black-Platinum/dp/B076FR7L3N?psc=1,"Nike Mens Air Max 2017 Running Shoes (10, Wolf Grey/Black/Pure Platinum)",Nike,209.99,190.0,10,38,4.5
https://www.amazon.com/adidas-Ninja-Torsion-Shoes-Mens/dp/B08MWZQFK3?psc=1,adidas Ninja ZX Torsion Shoes Men's,Adidas,0.0,59.96,0,86,4.6
https://www.amazon.com/Nike-Joyride-Setter-Running-At6395-002/dp/B081T89GM3?psc=1,Nike Men's Walking Industrial Shoe,Nike,0.0,72.42,0,194,4.5
https://www.amazon.com/adidas-Response-Super-Running-Black/dp/B09KMJF85Y?psc=1,adidas Men's Response Super 3.0 Running Shoe,Adidas,0.0,68.78,0,0,0.0
https://www.amazon.com/ASICS-Gel-Kayano-Shoes-Piedmont-Sheet/dp/B08VHBHN22?psc=1,ASICS Men's Gel-Kayano 14 Shoes,ASICS,0.0,149.99,0,101,4.5
https://www.amazon.com/Nike-Drop-Type-Cn6916-100-White-Black/dp/B082R7L2M1?psc=1,Nike Men's Running Shoe,Nike,0.0,109.99,0,104,4.0
https://www.amazon.com/adidas-EQ21-Run-Shoe-Running/dp/B09GG61DJ7?psc=1,adidas EQ21 Run Shoe - Mens Running,Adidas,0.0,86.71,0,6,3.8
https://www.amazon.com/Under-Armour-Charged-Trainers-Sneakers/dp/B0B4KH9WV1?psc=1,Under Armour Charged Gemini 2020 Mens Running Trainers 3023276 Sneakers Shoes,Under Armour,0.0,134.99,0,2,5.0
https://www.amazon.com/ASICS-Gel-Kayano-Running-French-Safety/dp/B09G6VG7V8?psc=1,ASICS Men's Gel-Kayano 28 All Winter Long Running Shoes,ASICS,0.0,119.95,0,30,3.9
https://www.amazon.com/ASICS-MetaRide-Running-Shoes-Floss/dp/B07PKQWMR9?psc=1,ASICS Men's MetaRide Running Shoes,ASICS,250.0,139.95,44,75,4.0
https://www.amazon.com/adidas-Athletics-Running-Indleg-Rafazu/dp/B09P6FXNFJ?psc=1,adidas Men's Sprintstar Track and Field Shoe,Adidas,0.0,85.38,0,163,4.7
https://www.amazon.com/adidas-Terrex-Agravic-Pulse-Turbo/dp/B09NCK1PXY?psc=1,adidas Men's Terrex Agravic Flow 2.0 Gore-TEX Trail Running Shoe,Adidas,150.0,100.84,33,1,5.0
https://www.amazon.com/adidas-Boys-Novafvse-Sneaker-Black/dp/B07LBWBWPH?psc=1,adidas Men's Nova Running Shoe,Adidas,90.0,64.95,28,468,4.4
https://www.amazon.com/Under-Armour-Infinite-Running-Sneaker/dp/B09MY5KWH7?psc=1,Under Armour Men's HOVR Infinite 4 --Running Shoe,Under Armour,0.0,78.34,0,0,0.0
https://www.amazon.com/adidas-Womens-Astrarun-Sneaker-Light/dp/B07X5YJDF7?psc=1,adidas Men's Astrarun Running Shoe,Adidas,100.0,72.45,28,495,4.2
https://www.amazon.com/Nike-Mens-Presto-Running-Shoe/dp/B09YLPNTRV?psc=1,Nike Men's Air Presto Running Shoe,Nike,0.0,124.68,0,0,0.0
https://www.amazon.com/Reebok-ENERGYLUX-Running-Black-Legacy/dp/B07T4J8DGR?psc=1,Reebok Men's Energylux 2.0 Cross Trainer,Reebok,0.0,69.0,0,711,4.4
https://www.amazon.com/adidas-Pureboost-Grey-Vivid-Red/dp/B09NTNWGDS?psc=1,adidas Men's Pureboost 21 Trail Running Shoe,Adidas,130.0,89.39,31,24,4.2
https://www.amazon.com/adidas-Ultraboost-Running-Silver-Metallic/dp/B08N5MZR27?psc=1,adidas Men's Ultraboost 4.0 DNA Running Shoe,Adidas,0.0,240.5,0,216,4.7
https://www.amazon.com/ASICS-Gel-Quantum-Infinity-Running-Piedmont/dp/B08284YH15?psc=1,ASICS Men's Gel-Quantum Infinity Jin Shoes,ASICS,140.0,89.95,36,98,4.5
https://www.amazon.com/adidas-Ultraboost-Cloud-Silver-Metallic/dp/B09MC9NQPN?psc=1,adidas Women's Ultraboost 4.0 DNA Running Shoe,Adidas,0.0,99.97,19,317,4.6
https://www.amazon.com/ASICS-Gel-Cumulus-Running-Shocking-Orange/dp/B09CLLV2CC?psc=1,ASICS Men's Gel-Cumulus 24 Running Shoes,ASICS,0.0,129.95,0,7,5.0
https://www.amazon.com/Nike-Winflo-Running-Trainers-Sneakers/dp/B083FRL6M2?psc=1,Nike Men's Race Running Shoe,Nike,0.0,149.99,0,161,4.4
https://www.amazon.com/Nike-Odyssey-React-Flyknit-Running/dp/B07LG96WMH?psc=1,Nike Mens Odyssey React Flyknit 2 Running Shoes,Nike,0.0,149.99,0,174,4.2
https://www.amazon.com/adidas-Terrex-Skychaser-Hiking-Black/dp/B08RJZB5LZ?psc=1,adidas Men's Hiking Shoes,Adidas,0.0,126.05,0,147,4.2
https://www.amazon.com/Nike-Zoom-Pegasus-Running-Cj0677-002/dp/B08PDSMKSV?psc=1,Nike Men's Air Zoom Pegasus 37 TB Running Shoes,Nike,0.0,159.0,0,64,4.5
https://www.amazon.com/ASICS-Gel-Nimbus-Running-Shoes-White/dp/B09CLNKHKX?psc=1,ASICS Men's Gel-Nimbus 24 Running Shoes,ASICS,0.0,159.95,0,13,4.0
https://www.amazon.com/adidas-Solar-Blaze-Running-Sneakers/dp/B08MJGNRJC?psc=1,adidas Solar Blaze Shoes Men's,Adidas,0.0,64.95,0,178,4.4
https://www.amazon.com/adidas-Pureboost-Shoes-Mens-Black/dp/B07TF9V4HS?psc=1,adidas Unisex-Adult Pureboost DPR Running Shoe,Adidas,0.0,90.0,0,451,4.5
https://www.amazon.com/Reebok-Unisex-Nano-Running-Black/dp/B09M66Z391?psc=1,Reebok Unisex-Adult Mdf60 Running Shoe,Reebok,135.0,108.78,19,0,0.0
https://www.amazon.com/ASICS-Metaracer-Running-Digital-French/dp/B08RWPT6WL?psc=1,ASICS Men's Metaracer Running Shoes,ASICS,0.0,199.95,0,30,4.2
https://www.amazon.com/adidas-4DFWD-Black-White-Carbon/dp/B09G6FWQD6?psc=1,adidas 4DFWD Kick,Adidas,160.0,77.1,52,18,3.7
https://www.amazon.com/Nike-Mens-Shoes-Green-Numeric_10/dp/B08BJDTW51?psc=1,Nike Men's Training Gymnastics Shoe,Nike,0.0,299.0,0,422,4.6
https://www.amazon.com/ASICS-Gel-Fastball-Running-Shoes-Drive/dp/B07QCYVL6B?psc=1,ASICS Gel-Fastball 3 Men's Handball Shoes,ASICS,0.0,176.95,0,60,4.8
https://www.amazon.com/ASICS-Gel-Sileo-Running-Black-Cayenne/dp/B07DP2HFZK?psc=1,ASICS Men's Gel-Sileo Running Shoes,ASICS,0.0,68.0,0,166,4.6
https://www.amazon.com/Reebok-Floatride-Court-White-Orange/dp/B08944ZWF1?psc=1,Reebok Men's Floatride Run Fast 3.0 Court Blue/FTWR White/Orange Flare,Reebok,125.0,82.44,34,2,4.5
https://www.amazon.com/adidas-Ultraboost-Running-Trainers-Sneakers/dp/B0919PW3JX?psc=1,adidas Ultraboost DNA X Lego Colo Mens Running Trainers Sneakers,Adidas,0.0,227.69,0,22,4.5
https://www.amazon.com/adidas-Parley-Shoes-Mens-White/dp/B08NFHMG4Y?psc=1,adidas 4D Run 1.0 Shoes Men's,Adidas,0.0,159.9,0,80,4.6
https://www.amazon.com/adidas-RunFalcon-Running-Active-Black/dp/B07KDJB6NL?psc=1,adidas Men's Falcon,Adidas,0.0,82.95,0,2433,4.5
https://www.amazon.com/ASICS-Gel-Nimbus-Running-Digital-Marigold/dp/B08VH53XGY?psc=1,ASICS Men's Gel-Nimbus 23 Running Shoes,ASICS,0.0,159.9,0,197,4.7
https://www.amazon.com/Reebok-Endless-Running-Black-Vector/dp/B092ZH7TFY?psc=1,Reebok Men's Endless Road 3.0 Running Shoe,Reebok,0.0,76.55,0,8,4.1
https://www.amazon.com/Nike-Running-Trainers-DA9357-Sneakers/dp/B08X78B161?psc=1,Nike Air Max 2090 Eoi Mens Running Trainers Da9357 Sneakers Shoes,Nike,0.0,160.0,0,31,4.9
https://www.amazon.com/adidas-Yeezy-Boost-Reflective-Sneaker/dp/B08R812ZXQ?psc=1,adidas Yeezy Boost 350 V2,Adidas,0.0,399.99,44,533,4.5
https://www.amazon.com/Nike-Genome-Obsidian-University-DB0249/dp/B09K4K1BLT?psc=1,Nike Men's Air Max Genome Obsidian/University Red (DB0249 400) -,Nike,134.99,127.5,6,5,5.0
https://www.amazon.com/adidas-Mens-Racer-Running-White/dp/B08PVV1SVY?psc=1,adidas Men's Athletics and Running Sneaker,Adidas,0.0,70.0,0,44,4.5
https://www.amazon.com/adidas-outdoor-Terrex-Agravic-Shoe/dp/B078WG2QZW?psc=1,adidas Men's Terrex Agravic Cross Trainers Trail Running Shoe,Adidas,0.0,160.0,0,61,4.5
https://www.amazon.com/adidas-Yeezy-Boost-FZ5240-Taupe/dp/B08QZZV7QJ?psc=1,adidas Yeezy Boost 350 V2,Adidas,0.0,409.0,0,533,4.5
https://www.amazon.com/PUMA-Better-Emerge-Running-Castlerock/dp/B097C3XP2J?psc=1,Puma Men's Better Foam Emerge Running Shoe,PUMA,0.0,66.31,0,96,4.3
https://www.amazon.com/Nike-Huarache-Fashion-Sneakers-Black/dp/B09J3K4N42?psc=1,Nike Mens Air Huarache Fashion Sneakers,Nike,0.0,155.0,0,86,4.0
https://www.amazon.com/adidas-Mens-Quadcube-Sneaker-Black/dp/B07S9N7SH9?psc=1,adidas Men's Quadcube Running Shoe,Adidas,0.0,50.31,0,121,4.1
https://www.amazon.com/PUMA-Retaliate-Running-Cherry-Tomato/dp/B097C6XFVB?psc=1,PUMA Men's Retaliate Block Running Shoe,PUMA,0.0,74.88,0,13,4.4
https://www.amazon.com/ASICS-Gel-Cumulus-Running-Monaco-French/dp/B0971HSHXT?psc=1,ASICS Men's Gel-Cumulus 23 MK Running Shoe,ASICS,120.0,89.95,25,10,4.7
https://www.amazon.com/adidas-Solar-Glide-Running-Signal/dp/B08S7QJ2K5?psc=1,adidas Men's Solar Glide 4 Running Shoe,Adidas,80.31,67.69,16,6,4.2
https://www.amazon.com/adidas-Tresc-Mens-Shoes-Color/dp/B08CXP7Y9J?psc=1,adidas Mens Tresc Run Sneakers Shoes Casual - Black,Adidas,0.0,49.95,0,13,4.2
https://www.amazon.com/adidas-Terrex-Agravic-Black-White/dp/B09KTWBRM8?psc=1,adidas Men's Terrex Agravic Pro Trail Running Shoe,Adidas,0.0,219.95,0,0,0.0
https://www.amazon.com/Nike-Rival-Track-nk907564-Numeric_10/dp/B09SSFQB4Y?psc=1,Nike Zoom Rival S 9 Track and Field Shoes nk907564 701,Nike,0.0,100.0,0,29,4.5
https://www.amazon.com/adidas-Performance-Powerblaze-Running-Collegiate/dp/B00HI7UDHS?psc=1,adidas Performance Men's Powerblaze M Running Shoe,Adidas,0.0,75.0,0,783,4.1
https://www.amazon.com/adidas-Solar-Glide-Shoes-Color/dp/B08FTG7D2B?psc=1,"adidas Mens Solar Glide St Running Sneakers Shoes - Beige,Black,Grey",Adidas,0.0,99.95,0,2,5.0
https://www.amazon.com/Under-Armour-Running-Pitch-White/dp/B08FXC862C?psc=1,Under Armour Men's Road Running Shoe,Under Armour,0.0,46.07,0,594,4.5
https://www.amazon.com/PUMA-Unisexs-Flyer-Running-White/dp/B097C5YMWC?psc=1,PUMA Unisex's Closed Running Shoe,PUMA,0.0,63.17,0,68,4.4
https://www.amazon.com/adidas-Summer-Ready-Sneaker-Glory/dp/B07SBX9RSZ?psc=1,adidas Women's Sensebounce+ Summer.rdy Running Shoe,Adidas,120.0,80.46,33,63,4.7
https://www.amazon.com/Nike-React-Running-Shoe-Ct1265-100/dp/B08BJFTHBL?psc=1,Nike Men's Race Running Shoe,Nike,0.0,265.0,0,126,4.4
https://www.amazon.com/adidas-Ultraboost-Grey-Sonic-Solar/dp/B09F9CKR4Y?psc=1,adidas mens Ultraboost 5.0 Dna,Adidas,0.0,233.45,0,23,4.7
https://www.amazon.com/ASICS-GT-2000-Running-Marigold-Orange/dp/B08PKF8MBZ?psc=1,ASICS Men's GT-2000 9 G-TX Running Shoes,ASICS,130.0,109.95,15,83,4.5
https://www.amazon.com/NIKE-Black-Synthetic-Running-Shoes/dp/B079Q4BVQ7?psc=1,Nike Men's Running Shoes,Nike,0.0,385.0,0,132,4.6
https://www.amazon.com/Nike-Mens-Running-Shoes-Numeric_10/dp/B098PBRLN1?psc=1,Nike Men's Road Running Shoes (Numeric_10),Nike,0.0,67.0,0,2,3.1
https://www.amazon.com/Under-Armour-Sonic-Running-Gravity/dp/B07Q2442SG?psc=1,Under Armour Men's HOVR Sonic 3 Running Shoe,Under Armour,0.0,109.95,0,2439,4.6
https://www.amazon.com/PUMA-Unisex-Incinerate-Running-Black/dp/B097CB5J1H?psc=1,PUMA Men's Incinerate Running Shoe,PUMA,0.0,59.0,0,349,4.5
https://www.amazon.com/ASICS-1011A011-Gel-Ziruss-Running-Indigo/dp/B07DNFRQS9?psc=1,ASICS Men's Gel-Ziruss 2 Running Shoes,ASICS,0.0,86.94,0,51,4.4
https://www.amazon.com/PUMA-19345302-Track-White-puma-Black-lava/dp/B08KL4F6WF?psc=1,PUMA Men's Evospeed Long Jump 6 Track and Field Shoe,PUMA,0.0,94.95,0,0,0.0
https://www.amazon.com/Nike-MensAir-Running-Sneakers-Numeric_10/dp/B09KNXFPK1?psc=1,Nike Men's Air Max SC Running Sneakers CW4555 006,Nike,0.0,130.07,0,18,3.9
https://www.amazon.com/Nike-React-Sertu-Mens-At5301-004/dp/B083QY32CH?psc=1,Nike Men's Race Running Shoe,Nike,0.0,145.0,0,90,4.5
https://www.amazon.com/adidas-Yeezy-Runner-GW3354-Ochre/dp/B09XY4F4LG?psc=1,didas Mens Yeezy Foam Runner GW3354,Adidas,0.0,320.0,0,1,5.0
https://www.amazon.com/Nike-Black-Black-Sport-Red-White-DH1083/dp/B09JKRWXCD?psc=1,Nike Men's Air Max 97 Black/Black-Sport Red-White (DH1083 001),Nike,0.0,231.24,0,4,5.0
https://www.amazon.com/Reebok-Kinetica-Concept-Sneaker-Radiant/dp/B08L8D63L2?psc=1,"Reebok Mens Zig Kinetica Concept Type2 Sneaker, Adult, Night Black/True Grey 7/Radiant Red",Reebok,0.0,89.9,0,5,3.9
https://www.amazon.com/ASICS-GelSuperion-Running-Black-Onyx-Safety-Yellow/dp/B077H1MXDX?psc=1,ASICS Gel-Superion Men's Running Shoe,ASICS,0.0,69.95,0,54,4.4
https://www.amazon.com/PUMA-Unisexs-Better-Xterra-Running/dp/B08MQRH3XY?psc=1,PUMA Unisex's Better Foam Xterra WTR Running Shoe,PUMA,0.0,73.59,0,5,4.5
https://www.amazon.com/ASICS-Gel1-Shoe-Running-Grey-Black-Orange/dp/B075Y8QH91?psc=1,ASICS Mens Gel-1 Running Shoe,ASICS,0.0,70.7,0,359,4.5
https://www.amazon.com/Nike-Running-Shoes-Cargo-Kahki/dp/B00GOF5BFE?psc=1,Nike Mens Air Max 2017 849559 302 - Size 10,Nike,209.99,144.97,31,10,4.3
https://www.amazon.com/Nike-Mens-CT1689-Neon-2020/dp/B08N6W2BDB?psc=1,Nike Air Max 95 Denham Mens Dd9519 001 - Size,Nike,0.0,484.0,0,4,5.0
https://www.amazon.com/Nike-Mens-DO5960-Persian-Violet/dp/B0B2CGQVX3?psc=1,Nike Air Max 95 Se Mens Style : Do5960,Nike,0.0,235.0,0,0,0.0
https://www.amazon.com/Nike-Stroke-Running-Smoke-Orange/dp/B08Q9WPRVD?psc=1,Nike Men's Stroke Running Shoe,Nike,116.02,92.5,20,27,4.2
https://www.amazon.com/Nike-Pegasus-DA8697-001-Running-Platinum/dp/B096JNHXNV?psc=1,Nike mens Running Shoes,Nike,130.0,114.95,12,9,4.8
https://www.amazon.com/Nike-Pegasus-Running-Casual-Bq9646-004/dp/B07ZJP4BKW?psc=1,Nike Men's Air Zoom Pegasus 37 Running Shoes Black/Medium Olive-Olive Aura 10 M US,Nike,0.0,199.0,0,16,4.2
https://www.amazon.com/ASICS-T835N-FuzeX-Adapt-Running/dp/B0728BV35C?psc=1,ASICS Men's Fuzex Rush Adapt Ankle-High Running Shoe,ASICS,0.0,77.5,0,67,4.3
https://www.amazon.com/PUMA-Toori-Running-Violet-Spectrum/dp/B0098ICAU8?psc=1,PUMA Men's Toori Run Y Running Shoe,PUMA,0.0,64.99,0,43,4.4
https://www.amazon.com/Puma-Space-Runner-EU-43/dp/B081NS93NY?psc=1,PUMA Men's Competition Running Shoes,PUMA,0.0,47.88,0,208,4.2
https://www.amazon.com/adidas-Pureboost-Running-Metallic-Silver/dp/B08N5JHK66?psc=1,"adidas Men's Pureboost 21 Trail Running Shoe, Blue Oxide/Night Metallic/Halo Silver, 10",Adidas,130.0,100.45,23,2,5.0
https://www.amazon.com/Nike-Roshe-FLEECE-CARGO-KHAKI-BLACK-WHITE/dp/B00BCSDM7C?psc=1,Nike Men's Roshe NM TP Athletic/Fashion Shoes,Nike,0.0,43.99,0,10,4.3
https://www.amazon.com/Nike-Running-Trainers-CQ7754-Sneakers/dp/B09H2VG6LQ?psc=1,Nike Air Max Plus II Mens Running Trainers Cq7754 Sneakers Shoes,Nike,0.0,249.99,0,10,4.7
https://www.amazon.com/ASICS-Unisex-Throw-Track-Sunrise/dp/B081S94RT4?psc=1,ASICS Unisex Throw Pro 2 Track & Field Shoes,ASICS,0.0,129.95,0,51,4.3
https://www.amazon.com/ASICS-Unisex-Digital-Safety-Yellow/dp/B098TWM6T1?psc=1,ASICS Unisex Hyper XC 2 Track & Field Shoes,ASICS,0.0,74.99,0,0,0.0
https://www.amazon.com/Reebok-Runner-Ultraknit-Multi-Black/dp/B076CDB237?psc=1,Reebok Zoku Runner Ultraknit Multi (Multi-Black) Men's Shoes CM9674,Reebok,0.0,49.99,0,9,4.3
https://www.amazon.com/Reebok-Floatride-Run-2-0-Shoe/dp/B07KXM53KX?psc=1,Reebok New Men's Floatride Run 2.0 Running Shoe Bright Cyan/Black/Solar Green,Reebok,0.0,163.95,0,15,4.9
https://www.amazon.com/Nike-React-Mens-Cd0113-600-Size/dp/B084N5KM1Z?psc=1,Nike Air Max 270 React Eng Mens Cd0113-600 Size 10,Nike,0.0,275.0,0,9,5.0
https://www.amazon.com/ASICS-Gel-Quantum-Sportstyle-Shoes-Black/dp/B0B69L5KBZ?psc=1,ASICS Men's Gel-Quantum Lyte Sportstyle Shoes,ASICS,70.0,54.95,22,0,0.0
https://www.amazon.com/Genome-Black-White-Anthracite-Size/dp/B09TY6DMN1?psc=1,Nike Men's Air Max Genome Black/White-Anthracite (CW1648 003),Nike,0.0,134.95,0,1,4.0
https://www.amazon.com/Nike-Running-Trainers-Sneakers-Platinum/dp/B096XRJJ15?psc=1,Nike Air Zoom Vomero 15 Mens Running Trainers Cu1855 Sneakers Shoes,Nike,0.0,189.99,0,0,0.0
https://www.amazon.com/Under-Armour-Velociti-Running-Shoes/dp/B08PZCRVDK?psc=1,"Under Armour Men's Flow Velociti Wind Running Shoes, White",Under Armour,0.0,141.65,0,25,4.8
https://www.amazon.com/ASICS-Gel-Kayano-Running-Shoes-Metropolis/dp/B09WBLFSZ8?psc=1,ASICS Men's Gel-Kayano 29 Running Shoes,ASICS,0.0,159.95,0,0,0.0
https://www.amazon.com/PUMA-Evoknit-Running-Sneakers-Shoes/dp/B07YTD6BGC?psc=1,PUMA Mens Avid Evoknit Su Running Sneakers Shoes - Blue,PUMA,0.0,64.95,0,0,0.0
https://www.amazon.com/adidas-Galaxy-Shoe-Mens-Running/dp/B0853QWHWT?psc=1,"adidas Men's Galaxy 5 Running Shoes, Dove Grey-grey Five-white, 10",Adidas,0.0,89.75,0,4,3.9
https://www.amazon.com/ASICS-Gel-Venture-Running-Shoes-Black/dp/B091HZH7NL?psc=1,"ASICS Men's Gel-Venture 8 Running Shoes, 10, Black/White",ASICS,0.0,59.95,8,7,4.3
https://www.amazon.com/Nike-Ghoswift-Running-Dynamic-Yellow/dp/B0813QGJTH?psc=1,"Nike Mens Ghoswift Running Shoes (10, White/White/Black/Dynamic Yellow)",Nike,0.0,79.0,0,1,5.0
https://www.amazon.com/ASICS-Metaride-Running-French-Digital/dp/B08R7TD62P?psc=1,ASICS Men's Metaride Running Shoes,ASICS,0.0,249.95,0,19,3.6
https://www.amazon.com/Nike-Mens-Waffle-Black-White-DD8014/dp/B0B2TM5R8V?psc=1,Nike Men's Waffle One SE Cool Grey/Black-White (DD8014 002),Nike,0.0,159.95,0,0,0.0
https://www.amazon.com/Reebok-Floatride-Energy-Adventure-Midnight/dp/B08LG3DCHF?psc=1,Reebok mens Floatride Energy 3.0 Adventure Trail,Reebok,0.0,119.95,0,7,4.2
https://www.amazon.com/adidas-Terrex-Voyager-Running-Sneakers/dp/B09K1J9Y91?psc=1,adidas Mens Terrex Voyager 21 Trail Running Sneakers Shoes - Black,Adidas,0.0,74.95,0,0,0.0
https://www.amazon.com/adidas-Mens-Swift-Sneakers-Shoes/dp/B09Q8YGFFZ?psc=1,adidas Mens Swift Run X Sneakers Shoes - Blue,Adidas,0.0,59.95,0,0,0.0
https://www.amazon.com/Nike-Crater-Remixa-Running-Black-Amethyst/dp/B0B2KL2TWD?psc=1,Nike Men's Crater Remixa Running Shoe (Lt Iron Ore/Black-Amethyst Ash,Nike,0.0,129.99,0,0,0.0
https://www.amazon.com/adidas-NMD_R1-Primeknit-Casual-Sneakers/dp/B07Y1D71NC?psc=1,adidas NMD_R1 Primeknit Casual Mens Shoes,Adidas,0.0,175.0,0,17,3.9
https://www.amazon.com/adidas-Climacool-Vento-Running-Sneakers/dp/B08TDNMP86?psc=1,adidas Running Men Climacool Vento White Black G58767,Adidas,0.0,104.95,0,5,3.3
https://www.amazon.com/Nike-Pre-Day-Running-Trainers-Sneakers/dp/B09W2W9GCR?psc=1,Nike Air Max Pre-Day Mens Running Trainers Dc9402 Sneakers Shoes,Nike,0.0,164.57,0,5,5.0
https://www.amazon.com/Nike-Mens-Genome-Running-Shoes/dp/B09SB44477?psc=1,Nike Mens Air Max Genome Running Shoes,Nike,0.0,150.0,0,2,3.0
https://www.amazon.com/Nike-Triax-Running-Shoe-Ct1104-700/dp/B08BJDP51R?psc=1,Nike Men's Race Running Shoe,Nike,0.0,109.0,0,131,4.5
https://www.amazon.com/adidas-X9000-Casual-Running-Fw7091/dp/B08DNMBMB2?psc=1,adidas mens Adidas 4d,Adidas,0.0,228.95,0,25,4.3
https://www.amazon.com/adidas-Iniki-Runner-Womens-Orange/dp/B076KYZTNW?psc=1,adidas Iniki Runner Womens in Black/Semi Flash Orange,Adidas,0.0,120.0,0,1,3.0
https://www.amazon.com/Nike-Running-Trainers-DC8185-Sneakers/dp/B09NMJN38K?psc=1,Nike Renew Ride 3 Mens Running Trainers Dc8185 Sneakers Shoes,Nike,0.0,101.11,0,0,0.0
https://www.amazon.com/adidas-Mens-Nova-Running-White/dp/B07KX9S3J9?psc=1,adidas Men's Nova Running Shoe,Adidas,0.0,49.95,0,99,4.2
https://www.amazon.com/NIKE-Downshifter-Running-Shoes-Midnight/dp/B075ZYVVWG?psc=1,Nike Men's Downshifter 8 Extra Wide (4E) Running Shoe,Nike,0.0,129.99,0,1832,4.6
https://www.amazon.com/Under-Armour-Phantom-Trainers-Sneakers/dp/B09HXLY9S9?psc=1,Under Armour HOVR Phantom 2 Print Mens Running Trainers 3025350 Sneakers Shoes,Under Armour,0.0,199.99,0,1,5.0
https://www.amazon.com/adidas-Originals-Tresc-Running-Ef0765/dp/B085VK6QZQ?psc=1,adidas mens Running Shoes,Adidas,0.0,45.99,0,13,3.9
https://www.amazon.com/Nike-Odyssey-React-Shield-Metalic/dp/B07NPSL8K9?psc=1,Nike Odyssey React Shield Mens Running Trainers Bq1671 Sneakers Shoes,Nike,0.0,184.99,0,58,4.3
https://www.amazon.com/Under-Armour-Running-Trainers-Sneakers/dp/B099ZPHPVY?psc=1,Under Armour Shoes HOVR SLK EVO Sportstyle for Men Man,Under Armour,0.0,134.99,0,0,0.0
https://www.amazon.com/Under-Armour-Running-Trainers-Sneakers/dp/B08XVZQ5CC?psc=1,Under Armour Men's HOVR Sonic 2 Running Shoe,Under Armour,0.0,134.99,0,1242,4.6
https://www.amazon.com/adidas-Kaptir-Running-Black-Spirit/dp/B07XH4TT1Z?psc=1,adidas Men's Kaptir Running Shoe,Adidas,0.0,59.95,0,1,5.0
https://www.amazon.com/PUMA-Better-Emerge-Running-White-High/dp/B08QCPWQ7Z?psc=1,PUMA Men's Better Foam Emerge Street Running Shoe,PUMA,0.0,74.58,0,0,0.0
https://www.amazon.com/Nike-Mens-Air-DH0143-Taxi/dp/B0916W2TD8?psc=1,Nike Men's Shoes Air Max 95 City Special - NYC DH0143-700,Nike,0.0,434.71,0,0,0.0
https://www.amazon.com/ASICS-Patriot-Twist-Running-Canvas/dp/B07KYQRSM4?psc=1,ASICS Men's Patriot 11 Twist Running Shoes,ASICS,0.0,68.95,0,99,4.4
https://www.amazon.com/adidas-Run-Mens-Eg6264-Size/dp/B087YTGGBH?psc=1,"adidas 4D Run 1.0 Shoes Men's, White, Size 10",Adidas,0.0,142.5,0,2,5.0
https://www.amazon.com/Nike-Mens-Reflective-Running-Shoes/dp/B09HHQYXXD?psc=1,Nike Mens Air Max 97 Reflective Logo Running Shoes (10),Nike,0.0,224.95,0,2,5.0
https://www.amazon.com/Nike-Mens-Vomero-Running-Black/dp/B00IID5N0S?psc=1,Nike Men's Running Shoes,Nike,0.0,199.97,0,267,4.6
https://www.amazon.com/adidas-Yeezy-Boost-700-V2/dp/B07MBP4W8N?psc=1,adidas Yeezy Boost 700,Adidas,0.0,424.0,0,2,5.0
https://www.amazon.com/Nike-Running-Trainers-Sneakers-Crimson/dp/B08HYZGG7B?psc=1,Nike Air Max 2X Mens Running Trainers Ck2943 Sneakers Shoes,Nike,0.0,134.99,0,18,4.2
https://www.amazon.com/Under-Armour-Running-Trainers-Sneakers/dp/B09HV7CWH7?psc=1,Under Armour HOVR Sonic 3 Mens Running Trainers 3022586 Sneakers Shoes,Under Armour,0.0,159.99,0,1,5.0
https://www.amazon.com/ASICS-Gel-Cumulus-Running-Shoes-Harmony/dp/B09CLLFS9N?psc=1,ASICS Men's Gel-Cumulus 24 Running Shoes,ASICS,0.0,160.0,0,0,0.0
https://www.amazon.com/adidas-Terrex-Parley-Running-Sneakers/dp/B09JZZ9LGQ?psc=1,"adidas Mens Terrex Two Ultra Parley Ap Trail Running Sneakers Shoes - Black,White",Adidas,0.0,67.94,0,0,0.0
https://www.amazon.com/Nike-Vapormax-Running-Casual-Ck2718-002/dp/B08446XKBS?psc=1,Nike Men's Race Running Shoe,Nike,0.0,349.0,0,477,4.5
https://www.amazon.com/adidas-Ultraboost-4-0-Shoe-Running/dp/B07FJLKX4X?psc=1,adidas Men's Ultraboost Red EE3703,Adidas,0.0,175.99,0,21,4.6
https://www.amazon.com/Under-Armour-Running-Trainers-Sneakers/dp/B09PDXNSLJ?psc=1,"Under Armour HOVR Flux MVMNT Mens Running Trainers 3025354 Sneakers Shoes (UK 9 US 10 EU 44, Black 001)",Under Armour,0.0,169.99,0,0,0.0
https://www.amazon.com/adidas-NMD_r1-Running-Casual-Fx4353/dp/B086Z6JJJW?psc=1,adidas Women's Grand Court Sneaker,Adidas,0.0,149.9,0,39137,4.7
https://www.amazon.com/Nike-Legend-Essential-Running-Training/dp/B08GJ2V8L2?psc=1,Nike Legend Essential 2 Men's Running Training Shoes CQ9356 005 Size 10 US,Nike,0.0,59.0,0,4,3.6
https://www.amazon.com/Nike-Bright-Crimson-Black-Running/dp/B07R57KLZC?psc=1,Nike Air Max 720,Nike,0.0,265.13,0,66,4.4
https://www.amazon.com/Under-Armour-Running-Trainers-Sneakers/dp/B09R4XM4YJ?psc=1,Under Armour HOVR Apex 2 Mens Running Trainers 3023007 Sneakers Shoes,Under Armour,0.0,184.99,0,0,0.0
https://www.amazon.com/ASICS-FUZEBLAST-Running-Carrier-Hazard/dp/B09PMTD1SK?psc=1,ASICS Men's FUZEBLAST Running Shoe,ASICS,0.0,80.0,0,0,0.0
https://www.amazon.com/adidas-NMD_R1-Shoes-Mens-Grey/dp/B09RQFKDMS?psc=1,adidas NMD_R1 Shoes Men's,Adidas,0.0,70.0,0,4,3.2
https://www.amazon.com/NIKE-Running-Shoes-Obsidian-849559-400/dp/B01L91BUP2?psc=1,Nike Mens Air Max 2017 Running Shoes Dark Obsidian/White/Royal Blue 849559-400 Size 10,Nike,0.0,149.95,0,8,4.6
https://www.amazon.com/Puma-194739-Running-Quarry-White/dp/B088RK43KW?psc=1,PUMA Men's Resolve Road Running Shoe,PUMA,0.0,82.95,0,125,4.3
https://www.amazon.com/Under-Armour-Running-Trainers-Sneakers/dp/B0B5LCXV8P?psc=1,Under Armour HOVR Rise 2 Mens Running Trainers 3023009 Sneakers Shoes,Under Armour,0.0,129.99,0,0,0.0
https://www.amazon.com/adidas-Runfalcon-FY8741-Color-Grey/dp/B08PSCVM48?psc=1,adidas - Runfalcon - FY8741,Adidas,0.0,129.98,0,88,4.6
https://www.amazon.com/ASICS-Hyper-Gel-Sai-Black-Samba/dp/B07D1M3XTQ?psc=1,"ASICS Men's Hyper Gel-Sai, Black/Samba, 10 D(M) US",ASICS,0.0,99.99,0,10,4.0
https://www.amazon.com/adidas-Athletics-Running-Slippers-Indleg/dp/B09P6GJXX6?psc=1,adidas Men's Athletics and Running Slippers with Nails,Adidas,0.0,122.8,0,0,0.0
https://www.amazon.com/Nike-Huarache-d-g-Mens-Ao1697-600/dp/B0059BKFFA?psc=1,Nike Huarache E.D.G.E. TXT Mens Casual Shoe,Nike,0.0,149.0,0,17,4.5
https://www.amazon.com/PUMA-Speed-38484401-Color-Black/dp/B0B4BMWG8S?psc=1,PUMA - Xray Speed SL - 38484401,PUMA,0.0,193.0,0,0,0.0
https://www.amazon.com/adidas-Terrex-Urban-FX4661-Color/dp/B09PL9SNST?psc=1,adidas Men's Camping and Hiking Shoes,Adidas,0.0,137.29,0,0,0.0
https://www.amazon.com/PUMA-Runner-Essential-38305501-Color/dp/B0B3MWHXSF?psc=1,PUMA - ST Runner Essential - 38305501,PUMA,0.0,153.0,0,0,0.0
https://www.amazon.com/adidas-Adistar-GX2995-Color-Black/dp/B09N3N5XYL?psc=1,adidas - Adistar - GX2995,Adidas,0.0,271.0,0,0,0.0
https://www.amazon.com/adidas-Element-Refine-BB4849-Color/dp/B06WGVX2ML?psc=1,adidas - Element Refine 3 M - BB4849 - Color: Grey - Size: 10,Adidas,0.0,148.0,0,1,5.0
https://www.amazon.com/adidas-Cosmic-BB3128-Color-White-Blue/dp/B06W5FTHXN?psc=1,adidas - Cosmic 11 M - BB3128 - Color: Blue-White - Size: 10,Adidas,0.0,156.0,0,0,0.0
https://www.amazon.com/Nike-Mens-Premium-Running-Shoes/dp/B09PHPMFTH?psc=1,Nike Mens Air Max 90 Premium Running Shoes,Nike,0.0,170.0,0,0,0.0
https://www.amazon.com/Nike-React-Phantom-Flyknit-Mens/dp/B0B8GWJWVT?psc=1,Nike Men's Epic Phantom React FK Sneaker,Nike,0.0,129.49,0,3,3.4
https://www.amazon.com/Nike-Mens-Air-Running-Shoes/dp/B0B7KKS5Q7?psc=1,Nike Men's Air Max 270 Running Shoes,Nike,0.0,180.0,0,0,0.0
https://www.amazon.com/Nike-Mens-DQ9001-Dark-Beetroot/dp/B0B2DDDC6C?psc=1,Nike Mens Air Max OG 95 DQ9001 001 Dark Beetroot - Size 10,Nike,0.0,230.0,0,0,0.0
https://www.amazon.com/adidas-Solarboost-Shoes-Mens-White/dp/B0B7Z3DMNT?psc=1,adidas Solarboost 4 Shoes Men's,Adidas,0.0,96.0,0,0,0.0
https://www.amazon.com/PUMA-Runner-Sport-Athletic-Running/dp/B0B81DCK18?psc=1,PUMA Mens Viz Runner Sport Sl Athletic Running Shoes,PUMA,0.0,69.99,0,0,0.0
https://www.amazon.com/Nike-Mens-Grey-Black-Hemp-Smoke-DO6108-001/dp/B0B6TC7MVG?psc=1,Nike Air Max 90 Men's Grey Fog/Black-Hemp-Smoke Grey DO6108-001,Nike,0.0,185.0,0,0,0.0
https://www.amazon.com/PUMA-Velocity-Nitro-Running-Sneakers/dp/B0B833CQD2?psc=1,PUMA Mens Velocity Nitro Lace Up Running Sneakers Shoes - Blue,PUMA,0.0,89.95,0,0,0.0
https://www.amazon.com/Nike-Vapormax-Unisex-Shoes-Color/dp/B0B8P3TKX6?psc=1,"Nike Air Vapormax 2021 Fk Unisex Shoes Size 10, Color: Armory Blue/White",Nike,0.0,349.99,0,0,0.0
https://www.amazon.com/Nike-Mens-Vapormax-2021-DQ7633/dp/B0B7KPV32C?psc=1,Nike Mens Air Vapormax 2021 DQ7633 100 - Size 10,Nike,0.0,194.0,0,0,0.0
https://www.amazon.com/adidas-Superstar-Mens-Shoes-Color/dp/B0853Q6SSV?psc=1,"adidas Superstar Mens Shoes Size 10, Color: White/Black/Multi",Adidas,0.0,89.9,0,0,0.0
https://www.amazon.com/Habanero-us_Footwear_Size_System-Numeric-Medium-Numeric_10/dp/B09WKGFDJ8?psc=1,Air Zoom Terra Kiger 8 Men Size 10.0 to 15.0 Color Habanero Red,Nike,0.0,169.99,0,0,0.0
https://www.amazon.com/Nike-Revolution-Black-Black-Dark-Smoke/dp/B0B6FT1VD2?psc=1,"Nike Men's Revolution 6, Black/Black-Dark Smoke Grey, 10",Nike,0.0,240.0,0,0,0.0
https://www.amazon.com/Nike-White-Sport-Red-Black-DN4113/dp/B09NC2LTWY?psc=1,Nike Men's Air Max BW OG White/Sport Red-Black (DN4113 100),Nike,0.0,199.95,0,0,0.0
https://www.amazon.com/Nike-Mens-Vapormax-Plus-DQ7645/dp/B0B8FXCS43?psc=1,Nike Mens Air Vapormax Plus DQ7645 100 - Size 10,Nike,0.0,294.5,0,0,0.0
https://www.amazon.com/Nike-Force-Savage-Elite-White-Anthracite/dp/B07HDT9N5D?psc=1,"Nike Men's Force Savage Elite 2, Black/White-Anthracite, 10",Nike,0.0,144.69,0,0,0.0
https://www.amazon.com/adidas-Pureboost-Running-Black-Vivid/dp/B08SSKGJZG?psc=1,"adidas Men's Pureboost 21 Running Shoe, Black/Grey/Vivid Red, 10",Adidas,130.0,90.0,31,2,5.0
https://www.amazon.com/ASICS-Tiger-Gel-Lyte-Tai-Chi-Performance/dp/B07QD38GTL?psc=1,ASICS Tiger Unisex Gel-Lyte Shoe,ASICS,90.0,69.99,22,97,4.4
https://www.amazon.com/adidas-Alphabounce-Running-Black-Carbon/dp/B0711S1K71?psc=1,adidas Men's Alphabounce Rc m Running Shoe,Adidas,0.0,99.95,0,475,4.5
https://www.amazon.com/Nike-Huarache-Textile-Synthetic-Trainers/dp/B09R83YGY8?psc=1,Nike Unisex Air Huarache J22 Textile Synthetic Trainers,Nike,0.0,175.5,0,33,4.0
https://www.amazon.com/Jordan-Retro-Particle-University-CT8019/dp/B0B4YWC151?psc=1,Men's Jordan 9 Retro Particle Grey Black/University Red (CT8019 060),Nike,0.0,323.95,0,0,0.0
https://www.amazon.com/Nike-Mens-Black-Black-Black-DH4245/dp/B0B2TF96SB?psc=1,Nike Men's Air Max 2021 Black/Black-Black (DH4245 002),Nike,0.0,298.97,0,0,0.0
https://www.amazon.com/adidas-TRESC-CBLACK-Solred-HIRBLU/dp/B087SLX7H1?psc=1,adidas Men's Tresc Run Low Top Leather Running,Adidas,0.0,90.95,0,17,4.1
https://www.amazon.com/PUMA-Deviate-Running-Fitness-Training/dp/B096Z3J7ZM?psc=1,PUMA Deviate Nitro Mens Running Fitness Training Trainer Shoe Green Glare/Black,PUMA,0.0,140.27,0,2,4.5
https://www.amazon.com/Nike-Metcon-Flyknit-Nylon-Running/dp/B0763QFW7V?psc=1,Nike Men's Metcon DSX Flyknit 2 Nylon Running Shoes,Nike,0.0,97.77,0,214,4.4
https://www.amazon.com/PUMA-Velocity-Cooladapt-Running-Sneakers/dp/B0B64JR3WF?psc=1,PUMA Mens Velocity Nitro Cooladapt Lace Up Running Sneakers Shoes - White,PUMA,0.0,89.95,0,0,0.0
https://www.amazon.com/Under-Armour-Running-Trainers-Sneakers/dp/B08XW92PRH?psc=1,Under Armour Ua HOVR Sonic 2 Mens Running Trainers 3021586 Sneakers Shoes,Under Armour,0.0,159.99,0,3,5.0
https://www.amazon.com/Nike-Odyssey-Flyknit-Running-Lagoon/dp/B07HQWGKCP?psc=1,"Nike Men's Odyssey React 2 Flyknit Running Shoe (10, Blue Lagoon/Black/White)",Nike,0.0,120.0,0,16,4.2
https://www.amazon.com/adidas-Mens-SenseBOUNCE-Running-Black/dp/B07KX99SVN?psc=1,"adidas Men's SenseBOUNCE + Running Shoe, Grey/Grey/Black, 10 M US",Adidas,0.0,74.95,0,6,4.0
https://www.amazon.com/ASICS-Gel-Lyte-Athletic-Shoes-Green/dp/B07HRY5D59?psc=1,"ASICS Tiger Men's Gel-Lyte V, Green/Black 10 M US",ASICS,0.0,99.99,0,2,5.0
https://www.amazon.com/ASICS-Jogger-Sportstyle-Shoes-Glacier/dp/B0B31DQZNJ?psc=1,ASICS Men's New Jogger Sportstyle Shoes,ASICS,0.0,100.0,0,0,0.0
https://www.amazon.com/Evospeed-Javelin-Track-White-Dark-Slate-Fizzy/dp/B097KJ7H7L?psc=1,PUMA Men's Evospeed Javelin 2 Track and Field Shoe,PUMA,0.0,96.37,0,0,0.0
https://www.amazon.com/adidas-Yeezy-Boost-GW0089-Stone/dp/B09YCNYWYD?psc=1,adidas Mens Yeezy Boost 350 V2 GW0089 Ash Stone - Size 10,Adidas,0.0,475.0,0,0,0.0
https://www.amazon.com/adidas-Ultra-Boost-Running-Sneakers/dp/B08DDGS2GL?psc=1,"adidas Mens Mi Ultra Boost Running Sneakers Shoes - Blue,Grey",Adidas,0.0,134.95,0,0,0.0
https://www.amazon.com/adidas-alphaboost-Orchid-Copper-Metallic/dp/B08DTV4DBY?psc=1,adidas Men's Alphaboost M Running Shoe,Adidas,0.0,139.99,0,313,4.7
https://www.amazon.com/Nike-Running-Trainers-CZ7344-Sneakers/dp/B08Q8HZ4C2?psc=1,Nike Air Max 270 React Mens Running Trainers Cv1641 Sneakers Shoes,Nike,0.0,214.99,0,17,4.8
https://www.amazon.com/Puma-194917-Running-Black-Lava-Blast/dp/B088RJKBPS?psc=1,PUMA Men's 194917 Road Running Shoe,PUMA,0.0,117.41,0,51,4.4
https://www.amazon.com/adidas-Ultraboost-Running-Trainers-Sneakers/dp/B09LVPGDBL?psc=1,adidas Ultraboost Pb Mens Running Trainers Sneakers,Adidas,0.0,229.99,0,9,3.9
https://www.amazon.com/Nike-Ghoswift-Running-Trainers-Sneakers/dp/B08KWFQ5MP?psc=1,Nike Ghoswift Mens Running Trainers Cw2635 Sneakers Shoes,Nike,0.0,134.99,0,0,0.0
https://www.amazon.com/ASICS-Gel-Contend-Running-Carbon-Classic/dp/B01N06ZI7V?psc=1,ASICS Men's GEL-Contend Running Shoe,ASICS,0.0,119.99,0,1611,4.5
https://www.amazon.com/ASICS-Performance-Running-Cherry-Tomato/dp/B071Z8W12D?psc=1,ASICS Men's fuzeX Knit,ASICS,0.0,99.99,0,35,4.3
https://www.amazon.com/Nike-Vapormax-Flyknit-AJ6900-100-Black-Volt/dp/B07QRYRWW5?psc=1,Nike Mens Air Vapormax 3.0 Flyknit Running Shoes White/Black-Volt AJ6900-100 Size 10.5,Nike,0.0,355.0,0,8,3.9
https://www.amazon.com/Nike-Mens-Zoom-Type-Crater-DH9628/dp/B097NDSW8J?psc=1,Nike Air Zoom Type Crater Mens Running Trainers Dh9628 Sneakers Shoes,Nike,89.99,79.99,11,0,0.0
https://www.amazon.com/adidas-Adizero-Boston-Multi-Medium/dp/B089487YVX?psc=1,"adidas Mens Adizero Boston 9 Running Sneakers Shoes - Black,Yellow",Adidas,0.0,200.0,0,17,5.0
https://www.amazon.com/Nike-Mens-Womens-Running-Photo/dp/B013S3J4YS?psc=1,Nike Air Max Motion LW,Nike,0.0,146.25,0,1,5.0
https://www.amazon.com/Nike-Black-Anthracite-Ankle-High-Running/dp/B0758XNQGQ?psc=1,Nike Men's Zoom Fly Black/White Anthracite Ankle-High Running Shoe - 10M,Nike,0.0,139.99,0,13,4.5
https://www.amazon.com/Under-Armour-Running-Trainers-Sneakers/dp/B09RP8LDQ4?psc=1,Under Armour Sonic 4 Mens Running Trainers 3023543 Sneakers Shoes,Under Armour,0.0,159.99,0,0,0.0
https://www.amazon.com/NIKE-Air-Max-Deluxe-US/dp/B07FMYW5T5?psc=1,Nike Boys Gymnastics Shoes,Nike,180.0,169.99,6,82,4.4
https://www.amazon.com/Nike-Shox-BV1111-Silver-Black/dp/B07Q3RSYDF?psc=1,"Nike Shox R4 BV1111 (10, Silver/Black/Red)",Nike,0.0,551.0,0,43,4.3
https://www.amazon.com/PUMA-Mens-Running-Shoes-High/dp/B07KFZFW91?psc=1,PUMA Men's LQDCELL Challenge Running Shoes,PUMA,0.0,65.0,0,94,4.0
https://www.amazon.com/ASICS-PENSOLE-Gel-MIQRUM-Indigo-Purple/dp/B0B4BLMWYR?psc=1,ASICS Men's PENSOLE x Gel-MIQRUM Shoes,ASICS,0.0,74.95,0,0,0.0
https://www.amazon.com/Under-Armour-Charged-Vantage-Running/dp/B09NZK162D?psc=1,Under Armour Men's UA Charged Vantage Marble Running Shoes - 3024734-101 - Pitch Gray/Pitch Gray/Royal,Under Armour,0.0,95.0,0,2,3.5
https://www.amazon.com/ASICS-1011A136-Roadhawk-Running-Black/dp/B07DNG4DZK?psc=1,ASICS Men's Running,ASICS,0.0,49.95,0,542,4.5
https://www.amazon.com/ASICS-DYNABLAST-Running-Glacier-Thunder/dp/B09886TZ6M?psc=1,ASICS Men's DYNABLAST 2 Running Shoes,ASICS,100.0,89.9,10,4,5.0
https://www.amazon.com/ASICS-DYNABLAST-Running-Shoes-Electric/dp/B09887Q6W8?psc=1,ASICS Men's DYNABLAST 2 Running Shoes,ASICS,0.0,99.95,0,11,4.1
https://www.amazon.com/ASICS-EvoRide-Running-Shoes-Sheet/dp/B082ZS2Y41?psc=1,ASICS Men's EvoRide Running Shoes,ASICS,120.0,79.95,33,187,4.7
https://www.amazon.com/ASICS-Evoride-Running-Marigold-Orange/dp/B08VGS6NL5?psc=1,ASICS Men's Evoride 2 Running Shoes,ASICS,120.0,89.95,25,70,4.4
https://www.amazon.com/ASICS-GT-1000-Grand-Shark-Bronze/dp/B07V2JBS3Z?psc=1,ASICS Menâs GT-1000 9 Running Shoe,ASICS,100.0,89.8,10,2629,4.7
https://www.amazon.com/ASICS-GT-2000-Trail-Running-Digital/dp/B08PD6LH5L?psc=1,ASICS Men's GT-2000 9 Trail Running Shoes,ASICS,0.0,89.95,10,83,4.6
https://www.amazon.com/ASICS-Gel-Cumulus-Running-Black-Sheet/dp/B09FY2RR51?psc=1,ASICS Men's Gel-Cumulus 23 G-TX Running Shoe,ASICS,130.0,87.2,33,36,4.4
https://www.amazon.com/ASICS-Gel-DS-Trainer-Running-Digital/dp/B08XWBW2MM?psc=1,ASICS Men's Gel-DS Trainer 26 Running Shoes,ASICS,130.0,89.95,31,93,4.7
https://www.amazon.com/ASICS-Gel-Excite-Running-French-Safety/dp/B099C4K8BY?psc=1,ASICS Men's Gel-Excite 8 All Winter Long Running Shoes,ASICS,75.0,54.95,27,3,3.5
https://www.amazon.com/ASICS-Gel-Excite-Running-Olive-Silver/dp/B01N5RND0V?psc=1,ASICS Men's Gel-Excite 4 Running Shoe,ASICS,70.0,39.95,43,4813,4.6
https://www.amazon.com/ASICS-Gel-Kenun-Running-Coffee-Blossom/dp/B0764GDN14?psc=1,ASICS Gel-Kenun MX SP Men's Running Shoe,ASICS,0.0,69.9,0,100,4.3
https://www.amazon.com/ASICS-Gel-Kinsei-Running-Shocking-Orange/dp/B09CLMTD3V?psc=1,ASICS Men's Gel-Kinsei Blast LE Running Shoes,ASICS,0.0,180.0,0,2,5.0
https://www.amazon.com/ASICS-Gel-Kinsei-Sportstyle-Shoes-White/dp/B081HHFWVX?psc=1,ASICS Men's Gel-Kinsei OG Sportstyle Shoes,ASICS,180.0,139.95,22,292,4.5
https://www.amazon.com/ASICS-Gel-Nimbus-Running-Fellow-Yellow/dp/B08FT1B5GT?psc=1,ASICS Men's Gel-Nimbus Lite 2 LAM Running Shoes,ASICS,0.0,139.95,0,39,4.3
https://www.amazon.com/ASICS-Gel-Noosa-Trainers-1011B301-Directoire/dp/B08X3PRV4W?psc=1,ASICS Gel-Noosa Tri 11 Mens Running Trainers 1011B301 Sneakers Shoes,ASICS,0.0,199.99,0,4,4.0
https://www.amazon.com/ASICS-Gel-Pulse-Running-Shoes-Electric/dp/B098L71ZSM?psc=1,ASICS Men's Gel-Pulse 13 Running Shoes,ASICS,90.0,69.95,22,73,4.3
https://www.amazon.com/ASICS-Gel-Trabuco-Running-Carrier-Electric/dp/B096FFM9WN?psc=1,ASICS Men's Gel-Trabuco 9 Running Shoes,ASICS,0.0,129.95,0,73,4.6
https://www.amazon.com/ASICS-Lyte-Classic-Fashion-Sneakers/dp/B0811RRLY2?psc=1,ASICS Men's Lyte Classic Shoes,ASICS,0.0,79.9,0,125,4.7
https://www.amazon.com/ASICS-Mens-GT-1000-Shoes-Black/dp/B07KK1DLLM?psc=1,ASICS Men's GT-1000 8 Shoes,ASICS,0.0,130.0,0,1634,4.5
https://www.amazon.com/ASICS-Mens-Gel-Quantum-Shoes-Black/dp/B089GYX4D7?psc=1,ASICS Men's Gel-Quantum 360 5 Knit Shoes,ASICS,160.0,86.95,46,50,4.7
https://www.amazon.com/ASICS-Mens-Gel-Quantum-Shoes-Black/dp/B08PKKK6CW?psc=1,ASICS Men's Gel-Quantum 180 6 Shoes,ASICS,120.0,89.95,25,284,4.4
https://www.amazon.com/ASICS-Noosa-Running-Shoes-Ocean/dp/B089YQCBPM?psc=1,ASICS Men's Noosa TRI 13 Running Shoes,ASICS,0.0,109.95,0,7,5.0
https://www.amazon.com/ASICS-Tiger-Mens-Gel-Mai%C2%BF-White/dp/B0798T3XVW?psc=1,ASICS Tiger Men's Gel-Mai Shoe,ASICS,0.0,104.99,0,82,4.5
https://www.amazon.com/NIKE-Extreme-Toddlers-Running-870019-100/dp/B07123T7P4?psc=1,Nike Baby & Toddler Presto Extreme 870019-100,Nike,0.0,258.0,0,17,4.1
https://www.amazon.com/NIKE-Revolution-Running-Black-Regular/dp/B06XKKY3DS?psc=1,Nike mens Revolution 4,Nike,0.0,85.58,0,3216,4.5
https://www.amazon.com/Nike-Downshifter-Black-University-RED-White-DK/dp/B093C68X8T?psc=1,"Nike Mens Downshifter 11, Black/University RED-White-DK Smoke Grey, 10",Nike,0.0,64.99,0,18,3.6
https://www.amazon.com/Nike-Downshifter-Trainers-Sneakers-Obsidian/dp/B09581QM96?psc=1,Nike Men's Competition Running Shoes,Nike,0.0,94.99,0,2711,4.5
https://www.amazon.com/Nike-Infinity-Mens-Shoes-Color/dp/B08PKHGTML?psc=1,"Nike Air Max Infinity 2 Mens Shoes Size 10, Color: Black/Black",Nike,0.0,109.99,0,2,2.9
https://www.amazon.com/Nike-Legend-Essential-Mens-Running/dp/B08GJ5C2D1?psc=1,Nike Legend Essential 2 Men's Running Shoe Size 10,Nike,0.0,71.74,0,28,4.1
https://www.amazon.com/Nike-Mens-Air-Max-DC9336/dp/B0B2CFMZ9Q?psc=1,Nike Men's Air Max 90 SE Deep Royal/University Red (DC9336 400),Nike,0.0,224.9,0,1,5.0
https://www.amazon.com/Nike-Mens-Air-White-CZ5594/dp/B08CXTWTVM?psc=1,Nike Women's Race Running Shoe,Nike,0.0,244.93,0,669,4.5
https://www.amazon.com/Nike-Mens-Free-Run-537732/dp/B09NC2WR2H?psc=1,Nike Mens Free Run 2 537732 406 - Size 10,Nike,0.0,99.99,0,0,0.0
https://www.amazon.com/Nike-Mens-Orange-Blaze-Tweed-DH4754/dp/B0B2TB3BZM?psc=1,Nike Men's Air Max 95 Dark Army/Orange Blaze-Tweed (DH4754 300),Nike,0.0,244.99,0,0,0.0
https://www.amazon.com/Nike-Mens-Renew-Black-Anthracite/dp/B08PKBKH27?psc=1,Nike Men's Mid-Top Trainers Running Shoe,Nike,0.0,101.21,0,230,4.3
https://www.amazon.com/Nike-Mens-Running-Black-Smoke/dp/B08J3M3PGC?psc=1,Nike Men's Running Shoe,Nike,0.0,109.99,0,182,4.4
https://www.amazon.com/Nike-Pegasus-Trainers-Midnight-Turquoise/dp/B0B35CJC22?psc=1,Nike Air Zoom Pegasus 37 Shield Mens Running Trainers Cq7935 Sneakers Shoes,Nike,0.0,118.0,0,65,4.1
https://www.amazon.com/Nike-Presto-Running-Trainers-Sneakers/dp/B09GNM812Z?psc=1,Nike Men's Race Running Shoe,Nike,0.0,133.0,0,511,4.6
https://www.amazon.com/Nike-React-Miler-Running-Cw1777-001/dp/B07YDH36D3?psc=1,Nike Men's Sports Fitness Shoes,Nike,0.0,128.98,0,1124,4.5
https://www.amazon.com/Nike-Reax-Sports-Shoes-White/dp/B084KKMV4J?psc=1,Nike Men's Gymnastics Shoes,Nike,0.0,99.99,0,488,4.3
https://www.amazon.com/Nike-Revolution-Next-Nature-Black/dp/B098BJJLRB?psc=1,Nike Mens Revolution 6 Next Nature Running Shoe,Nike,0.0,88.98,0,283,4.4
https://www.amazon.com/Nike-Running-Shoes-Nebula-Orbit/dp/B07VCMK1B3?psc=1,Nike mens Sneaker,Nike,0.0,249.99,0,27,4.0
https://www.amazon.com/Nike-Running-White-Black-Oracle/dp/B0864FTTTQ?psc=1,Nike Men's Running Shoes,Nike,0.0,150.0,0,868,4.5
https://www.amazon.com/Nike-Superrep-Running-Shoes-DQ5357/dp/B0B7FB2QSH?psc=1,Nike Men's Air Zoom Superrep 3 Running Shoes DQ5357 181 Size 10 US,Nike,0.0,90.0,0,0,0.0
https://www.amazon.com/Nike-Tailwind-Running-Casual-Cd0456-100/dp/B083G2RK9N?psc=1,Nike Air Max Tailwind IV Mens Running Trainers Cd0456 Sneakers Shoes,Nike,0.0,214.99,0,48,4.5
https://www.amazon.com/Nike-Training-Walking-Black-Womens/dp/B082R6PQVW?psc=1,"Nike Men's Training Walking Shoe, Black White Dk Smoke Grey Grey, Womens 10",Nike,70.0,61.27,12,20,4.1
https://www.amazon.com/Nike-Unisex-React-Sneaker-Barely/dp/B09K4J6X3C?psc=1,Nike React Live PRM Mens Running Trainers Cz9081 Sneakers Shoes,Nike,0.0,159.95,0,29,4.7
https://www.amazon.com/Nike-Vapormax-Flyknit-AJ6900-102-Platinum/dp/B07QKS41JJ?psc=1,"Nike Men's Track & Field Shoes, 8 US",Nike,347.99,320.0,8,935,4.5
https://www.amazon.com/Nike-Vapormax-Royal-Black-White-DH4086/dp/B0B2T5HW9V?psc=1,Nike Men's Air Vapormax 2021 FK Game Royal/Black-White (DH4086 400),Nike,0.0,259.95,0,0,0.0
https://www.amazon.com/Nike-Wildhorse-Running-Trainers-Sneakers/dp/B08CBH8VCB?psc=1,Nike Men's Race Running Shoe,Nike,0.0,169.99,0,284,4.5
https://www.amazon.com/Nike-Womens-Shoes-Size-Color/dp/B08T56Z8ZB?psc=1,Nike Women's Low-top Sneakers,Nike,0.0,189.9,0,1169,4.5
https://www.amazon.com/Nike-Zoom-Vomero-nkDA7245-Size/dp/B098PD5BH2?psc=1,Nike Men's Air Zoom Vomero 16 Running Shoe,Nike,0.0,144.0,0,41,4.4
https://www.amazon.com/PUMA-19345402-Track-White-puma-Black-lava/dp/B08KKMQC7T?psc=1,PUMA Men's Evospeed Triple Jump/Pole Vault 6 Track and Field Shoe,PUMA,0.0,99.95,0,1,1.0
https://www.amazon.com/PUMA-19521301-Running-Black-White/dp/B08KKB4BVX?psc=1,"PUMA Men's Enzo 2 Sneaker, 0",PUMA,0.0,69.18,0,382,4.5
https://www.amazon.com/PUMA-Axelion-Running-Black-Yellow-Alert/dp/B08QCC9GH8?psc=1,PUMA Men's Axelion Perf Running Shoe,PUMA,0.0,94.73,0,811,4.5
https://www.amazon.com/PUMA-Axelion-Two-Tone-Running-Asphalt-Galaxy/dp/B097KKMBW4?psc=1,PUMA Men's Axelion Two-Tone Running Shoe,PUMA,75.0,58.46,22,0,0.0
https://www.amazon.com/PUMA-Boys-Sportwear-Track-Child/dp/B08THXTPRZ?psc=1,PUMA Unisex Low-Top Trainers Sneaker,PUMA,0.0,57.99,0,1,5.0
https://www.amazon.com/PUMA-Evospeed-Athletic-Shoes-Yellow/dp/B07SCZWYC5?psc=1,PUMA Men's Evospeed Long Jump 6 Athletic Shoes,PUMA,0.0,61.2,0,14,4.8
https://www.amazon.com/PUMA-LQDCELL-Hydra-Sneaker-Black/dp/B07TR14ZTX?psc=1,PUMA Men's Lqdcell Hydra Sneaker,PUMA,100.0,63.8,36,170,4.4
https://www.amazon.com/PUMA-Unisex-Runner-Running-Rosette/dp/B097C4L5XK?psc=1,PUMA Unisex's Flyer Runner Mesh Running Shoe,PUMA,0.0,68.63,0,440,4.3
https://www.amazon.com/PUMA-mens-Valiant-Running-Black/dp/B08CS3NN6Q?psc=1,PUMA Men's Cell Valiant Cross Trainer Shoe,PUMA,0.0,79.9,0,611,4.4
https://www.amazon.com/Puma-Softride-Rift-EU-43/dp/B0814474M3?psc=1,PUMA Men's Football Shoe,PUMA,0.0,55.49,0,317,4.3
https://www.amazon.com/Reebok-LIQUIFECT-Running-Black-Humble/dp/B07T4M4NK9?psc=1,Reebok Men's Liquifect 180 Ls Running Shoe,Reebok,0.0,79.99,0,38,4.4
https://www.amazon.com/Reebok-Supreme-running-Black-White/dp/B01CUWJTTI?psc=1,Reebok Men's Run Supreme Spt Lthr Running Shoe,Reebok,0.0,55.0,0,74,4.2
https://www.amazon.com/Under-Armour-Charged-CoolSwitch-Running/dp/B01GOXG39I?psc=1,Under Armour Men's Charged CoolSwitch Running Shoe,Under Armour,99.99,89.99,10,77,4.0
https://www.amazon.com/Under-Armour-Charged-Ombre-Wide-Running/dp/B0722VP9S3?psc=1,"Under Armour Men's Charged Bandit 3 Ombre Sneaker, 2E US",Under Armour,0.0,74.67,0,310,4.3
https://www.amazon.com/Under-Armour-Charged-Pursuit-Running/dp/B07Z76MJ6G?psc=1,Under Armour Men's Charged Pursuit 2 Twist Running Shoe,Under Armour,0.0,52.49,0,1384,4.7
https://www.amazon.com/Under-Armour-Charged-Pursuit-Sneaker/dp/B09691XXNH?psc=1,Under Armour Men's Charged Pursuit 3 Twist --Running Shoe,Under Armour,70.0,52.5,25,36,4.4
https://www.amazon.com/Under-Armour-Charged-Trainers-Sneakers/dp/B0B5LCZ3YL?psc=1,Under Armour Charged Will Mens Running Trainers 3022038 Sneakers Shoes,Under Armour,0.0,104.99,0,0,0.0
https://www.amazon.com/Under-Armour-Infinite-Running-Black/dp/B07PYYT6KZ?psc=1,Under Armour Men's HOVR Infinite 2 Running Shoe,Under Armour,0.0,99.97,0,2227,4.6
https://www.amazon.com/Under-Armour-Infinite-Running-Concrete/dp/B08MV9BXBF?psc=1,Under Armour Men's HOVR Infinite 3 Running Shoe,Under Armour,0.0,120.0,0,657,4.6
https://www.amazon.com/Under-Armour-Infinite-Trainers-Sneakers/dp/B09JGLPVXC?psc=1,Under Armour HOVR Infinite Summit 2 Mens Running Trainers 3023633 Sneakers Shoes,Under Armour,0.0,159.99,0,4,3.7
https://www.amazon.com/Under-Armour-Mens-Charged-Bandit/dp/B087YRF3CS?psc=1,Under Armour Men's Charged Bandit 6 Running Shoe,Under Armour,90.0,52.66,41,1457,4.5
https://www.amazon.com/Under-Armour-Runplay-Running-Orange/dp/B09691X18M?psc=1,Under Armour Men's Runplay Pop Camo Road Running Shoe,Under Armour,60.0,49.99,17,13,4.1
https://www.amazon.com/Zoom-Winflo-Extra-Wide-8-5/dp/B00UHB2HYY?psc=1,Nike Men's Running Shoes,Nike,0.0,100.0,0,697,4.6
https://www.amazon.com/adidas-Aerobounce-Running-Shoes-SS18-10/dp/B075884KFZ?psc=1,adidas - Aerobounce M - CQ0819 - Color: Grey-Black - Size: 10,Adidas,0.0,221.0,0,1,4.0
https://www.amazon.com/adidas-Climacool-Vento-Running-Fx7840/dp/B08GF6QMGJ?psc=1,adidas Men's Climacool Vento Running Shoes Signal Pink/Core Black/White,Adidas,0.0,84.95,0,23,4.3
https://www.amazon.com/adidas-Climawarm-Bounce-Shoe-Running/dp/B09RBGFLY6?psc=1,adidas Climawarm Bounce Shoe - Unisex Running,Adidas,0.0,57.34,0,0,0.0
https://www.amazon.com/adidas-Cross-Trainers-Sneaker-Black/dp/B07S6MQ2DS?psc=1,adidas Men's Edge Cross Trainers Running Shoe,Adidas,100.0,74.95,25,416,4.4
https://www.amazon.com/adidas-Elastic-Sonic-Unisex-Toddler/dp/B08JHBVBYL?psc=1,adidas Unisex-Baby EQ21 Run,Adidas,0.0,68.9,0,74,4.4
https://www.amazon.com/adidas-Futurepool-Running-Carbon-Silver/dp/B098SFK4VP?psc=1,adidas Men's Futurepool 2.0 Running Shoe,Adidas,80.0,58.99,26,5,5.0
https://www.amazon.com/adidas-Kaptir-ShoesBlack-White-Black10/dp/B083MJ8M4B?psc=1,adidas Men's Kaptur Sneaker,Adidas,0.0,105.99,0,9739,4.6
https://www.amazon.com/adidas-Kaptir-Super-Trail-Running/dp/B08N5MR7V1?psc=1,adidas Men's Kaptir Super Trail Running Shoe,Adidas,90.0,73.95,18,2089,4.5
https://www.amazon.com/adidas-Mens-Questar-Black-White/dp/B07D9MPGL2?psc=1,adidas Men's Questar Flow Running Shoe,Adidas,0.0,99.99,0,4053,4.6
https://www.amazon.com/adidas-Mens-Sneaker-Black-White/dp/B07S1XJLNJ?psc=1,adidas Men's Nova Flow Sneaker,Adidas,0.0,64.99,0,505,4.3
https://www.amazon.com/adidas-Mens-Yeezy-Boost-Fy3729/dp/B08RP9HDS3?psc=1,adidas 700 Mnvn Mens,Adidas,0.0,529.0,0,6,3.4
https://www.amazon.com/adidas-Nebzed-Super-Running-Carbon/dp/B091MMQ1T9?psc=1,adidas Men's Nebzed Super Running Shoe,Adidas,100.0,54.0,46,2,3.4
https://www.amazon.com/adidas-Original-Boost-Running-Numeric_10/dp/B09NCHKZCT?psc=1,adidas Mens Original ZX 8000 Boost Running Shoes Black/Black,Adidas,0.0,159.99,0,0,0.0
https://www.amazon.com/adidas-Originals-Casual-Running-Fy1162/dp/B08KSFZJR5?psc=1,adidas Originals NMD_R1 Mens Running Trainers Sneakers,Adidas,0.0,169.95,0,2,5.0
https://www.amazon.com/adidas-Phosphere-Running-White-Royal/dp/B0812KWBVD?psc=1,adidas Men's Phosphere Running Shoe,Adidas,0.0,80.56,0,343,4.5
https://www.amazon.com/adidas-Pureboost-Running-Focus-Olive/dp/B08S7QL8TJ?psc=1,"adidas Men's Pureboost 21 Running Shoe, Focus Olive/Black/Halo Green, 10",Adidas,130.0,69.95,46,4,5.0
https://www.amazon.com/adidas-Questar-Running-White-Black/dp/B08L84BNHV?psc=1,adidas Men's Questar Flow Nxt Running Shoe,Adidas,0.0,99.95,0,273,3.8
https://www.amazon.com/adidas-Racer-Running-Black-Royal/dp/B09KMHGLKB?psc=1,adidas Men's Racer TR21 Running Shoe,Adidas,75.0,57.53,23,106,4.6
https://www.amazon.com/adidas-Runfalcon-H04537-Color-Size/dp/B0919RSBPJ?psc=1,adidas Men's Running Shoe,Adidas,0.0,69.33,0,328,4.4
https://www.amazon.com/adidas-Solar-Glide-Black-Orange/dp/B0B8TK782H?psc=1,adidas Men's Solar Glide 5 Core Black/Flash Orange/Mint Rush 10 D,Adidas,0.0,129.99,0,0,0.0
https://www.amazon.com/adidas-Solar-Glide-Black-White/dp/B0875Y1HJX?psc=1,adidas Men's Solar Glide St Running Shoe,Adidas,140.0,125.96,10,93,4.6
https://www.amazon.com/adidas-Solar-Glide-Running-Signal/dp/B082W514F8?psc=1,adidas Unisex-Adult Solar Glide 3 Running Shoe,Adidas,140.0,104.95,25,173,4.4
https://www.amazon.com/adidas-Super-Court-Premiere-White/dp/B07SNSR2VN?psc=1,adidas SC Premiere Gore-TEX Shoes Men's,Adidas,0.0,60.66,0,22,4.3
https://www.amazon.com/adidas-Swift-Shoes-Mens-White/dp/B0931YC32K?psc=1,adidas Swift Run 22 Shoes Men's,Adidas,0.0,45.0,0,0,0.0
https://www.amazon.com/adidas-Terrex-Flow-Orange-Screaming/dp/B08RJZQYB2?psc=1,adidas Womens Terrex Two Flow Running Sneakers Shoes - Blue,Adidas,0.0,99.99,0,27,4.8
https://www.amazon.com/adidas-Terrex-Soulstride-Hiking-Legend/dp/B097HQ3L3C?psc=1,adidas Terrex Soulstride Hiking Shoes Grey Two/FTWR White/Legend Ink 10 D (M),Adidas,80.0,69.91,13,1,5.0
https://www.amazon.com/adidas-Terrex-Swift-Black-Solar/dp/B08JMCG3MR?psc=1,adidas Men's Terrex Swift R3 Hiking Shoe,Adidas,130.0,89.9,31,290,4.4
https://www.amazon.com/adidas-Terrex-Swift-D67033-Shoes/dp/B00GS5J75K?psc=1,adidas Men's Multisport Outdoor Shoes,Adidas,0.0,205.0,0,215,4.2
https://www.amazon.com/adidas-Ultraboost-Casual-Running-Sneaker/dp/B08T7T16V2?psc=1,adidas Ultraboost DNA Sydney Shoes Men's,Adidas,0.0,148.72,0,33,4.5
https://www.amazon.com/adidas-Ultraboost-DNA-Size-White/dp/B08J7CTBH8?psc=1,adidas Originals Men's Ultraboost Running Shoe,Adidas,0.0,109.99,0,2138,4.6
https://www.amazon.com/adidas-Ultraboost-Prid-Shoes-Color/dp/B08TMM9C3L?psc=1,adidas Ultra Boost Shoes Men's,Adidas,0.0,134.95,0,260,4.5
https://www.amazon.com/adidas-X9000L2-Running-Black-Metallic/dp/B0812K99VT?psc=1,adidas Men's X9000l2 Running Shoe,Adidas,100.0,53.2,47,687,4.6
https://www.amazon.com/adidas-outdoor-Terrex-Skychaser-Signal/dp/B08SC37P6C?psc=1,adidas outdoor Terrex Skychaser 2 - Men's Core Black/FTWR White/Signal Green,Adidas,130.0,105.04,19,26,4.0
https://www.amazon.com/ASICS-Gel-Cumulus-Running-Shoes-Canvas/dp/B09SQGF37J?psc=1,ASICS Men's Gel-Cumulus 24 Running Shoes,ASICS,0.0,129.95,0,62,4.7
https://www.amazon.com/ASICS-Gel-Pulse-Black-Hazard-Medium/dp/B08PKMV9NY?psc=1,ASICS Men's Gel-Pulse 12 Running Shoe,ASICS,0.0,59.95,14,448,4.6
https://www.amazon.com/ASICS-Gel-Storm-Running-Charcoal-Yellow/dp/B00EROB92I?psc=1,ASICS Men's Gel-Storm Running Shoe,ASICS,0.0,72.53,0,25,4.6
https://www.amazon.com/ASICS-Stormer-Running-Carbon-Medium/dp/B01JJE7HZ8?psc=1,ASICS Men's Stormer Running-Shoes,ASICS,0.0,62.86,0,233,4.4
https://www.amazon.com/ASICS-Tiger-Gel-Kayano-Sneakers-Stone/dp/B07M8DMQ1Z?psc=1,"ASICS Tiger Men's Gel-Kayano 5 OG Shoes, 10M, Stone Grey/Stone Grey",ASICS,120.0,114.53,5,32,4.0
https://www.amazon.com/ASICS-Trabuco-Running-Shoes-Electric/dp/B08ZSGLMX3?psc=1,ASICS Men's Trabuco Max Running Shoes,ASICS,0.0,139.95,0,155,4.5
https://www.amazon.com/ASICS-Unisex-Track-Field-Shoes/dp/B08X1G8S56?psc=1,ASICS Unisex Gun Lap 2 Track & Field Shoes,ASICS,0.0,100.0,0,26,4.8
https://www.amazon.com/Nike-812654-600-Tanjun-White-Running/dp/B004ZNCGJQ?psc=1,"NIKE Men's Tanjun Trainers, Purple (Port Wine/White-Wolf Grey), 9 UK (44 EU)",Nike,0.0,79.95,0,3,4.7
https://www.amazon.com/Nike-Correlate-Running-Shoes-Pltnm/dp/B00279264U?psc=1,Nike Men's Air Max Correlate Running Shoe,Nike,0.0,129.95,0,0,0.0
https://www.amazon.com/Nike-Hippie-Running-Trainers-Sneakers/dp/B09JP1D14R?psc=1,Nike Space Hippie 04 Mens Running Trainers Cz6398 Sneakers Shoes,Nike,0.0,126.0,0,28,4.1
https://www.amazon.com/Nike-Huarache-Crater-Premium-Running/dp/B09SWL7Y7N?psc=1,Nike Mens Air Huarache Crater Premium Running Shoes,Nike,0.0,179.99,0,0,0.0
https://www.amazon.com/Nike-Mens-Sequent-Dark-Black/dp/B072HX9Y9K?psc=1,"Nike Air Max Sequent 3 Mens Running Trainers 921694 Sneakers Shoes (UK 9 US 10 EU 44, Dark Grey Black 013)",Nike,0.0,119.97,0,5,4.7
https://www.amazon.com/Nike-Quest-Running-Midnight-Numeric_10/dp/B09KZN2JXY?psc=1,Nike Quest 4 Men's Running Shoe,Nike,0.0,147.99,0,22,4.0
https://www.amazon.com/Nike-Revolution-Flyease-Running-Bq3211-004/dp/B0832XS3ZM?psc=1,NIKE Women's Mid-Top Running Shoe,Nike,0.0,79.66,0,3284,4.4
https://www.amazon.com/Nike-Running-Black-White-Anthracite/dp/B07H97SKLJ?psc=1,Nike Competition Running Shoes,Nike,0.0,99.97,0,1367,4.5
https://www.amazon.com/Nike-Running-White-Black-Womens/dp/B07YDFYQMS?psc=1,Nike Men's Race Running Shoe,Nike,0.0,166.49,0,399,4.3
https://www.amazon.com/Nike-Zoom-Gravity-Mens-Bq3202-010/dp/B07SY8V443?psc=1,Nike Men's Trail Running Shoes,Nike,0.0,89.95,0,1712,4.5
https://www.amazon.com/PUMA-Axelion-Interest-Running-Black-High/dp/B099M3TNJ2?psc=1,PUMA Axelion Interest Stripe Mens Running,PUMA,0.0,74.99,0,65,4.7
https://www.amazon.com/PUMA-Evospeed-Triple-Vault-White-spellboun/dp/B091D5H7J7?psc=1,PUMA Men's Evospeed Triple Jump/Pole Vault 8 Sp Track and Field Shoe,PUMA,0.0,99.95,0,0,0.0
https://www.amazon.com/PUMA-Mens-Cell-Running-Black-High/dp/B08K4CNYHW?psc=1,PUMA Men's Cell Vive Running Shoe,PUMA,75.0,58.95,21,87,4.4
https://www.amazon.com/PUMA-Softride-Premier-Ombre-Running/dp/B097KK114G?psc=1,PUMA Men's Softride Premier Ombre Running Shoe,PUMA,75.0,49.98,33,6,4.6
https://www.amazon.com/Reebok-Floatride-Running-Black-White/dp/B07KXLYMVP?psc=1,Reebok Floatride Run Fast Pro Running Shoe,Reebok,0.0,139.96,0,13,3.9
https://www.amazon.com/Reebok-Floatride-Running-National-Geographic/dp/B092LPV7SL?psc=1,Reebok Men's Floatride Energy Running Shoe,Reebok,130.0,50.68,61,1,5.0
https://www.amazon.com/Reebok-Mens-Liquifect-Running-Shoe/dp/B092ZFJFKM?psc=1,Reebok Men's Liquifect 90 Running Shoe,Reebok,0.0,56.48,0,1,4.0
https://www.amazon.com/Reebok-mens-Flashfilm-Running-White/dp/B08GWK543T?psc=1,Reebok Men's Flashfilm 3.0 Cross Trainer,Reebok,80.0,57.59,28,238,4.1
https://www.amazon.com/Under-Armour-Charged-Commit-Running/dp/B07HKLZZRV?psc=1,Under Armour Men's Charged Commit 2.0 Running Shoe,Under Armour,0.0,79.99,0,4635,4.6
https://www.amazon.com/Under-Armour-Guardian-3-3023542401-Color/dp/B09YVCBGJ2?psc=1,Under Armour HOVR Guardian 3 Mens Running Shoes - Blue,Under Armour,0.0,99.6,0,0,0.0
https://www.amazon.com/Under-Armour-Running-Marine-Green/dp/B095KVK5QN?psc=1,Under Armour Men's Road Running Shoe,Under Armour,0.0,52.94,0,84,4.5
https://www.amazon.com/adidas-Alphabounce-Vivid-Black-White/dp/B09N42S9BM?psc=1,adidas Alphabounce 1 Shoe - Mens Running,Adidas,0.0,85.99,0,1,5.0
https://www.amazon.com/adidas-Galaxy-Shoe-Mens-Running/dp/B0853QH5SM?psc=1,adidas mens Galaxy,Adidas,79.9,64.51,19,0,0.0
https://www.amazon.com/adidas-Mens-Asweego-Running-Black/dp/B07FBJXFPH?psc=1,adidas Men's Asweego Running Shoe,Adidas,0.0,84.99,0,1046,4.5
https://www.amazon.com/adidas-Mens-Quadcube-Sneaker-Grey/dp/B07SCW8L99?psc=1,adidas Men's Quadcube Sneaker,Adidas,0.0,69.9,0,137,4.1
https://www.amazon.com/adidas-Tubular-Originals-Cblack-Running/dp/B071CZ36TG?psc=1,adidas Originals Unisex-Adult Tubular Doom Sock PK Running Shoe,Adidas,0.0,109.0,0,321,4.3
https://www.amazon.com/ASICS-GT-2000-Running-Shoes-Graphite/dp/B099BVR35C?psc=1,ASICS Men's GT-2000 10 G-TX Running Shoes,ASICS,0.0,139.95,0,6,4.3
https://www.amazon.com/ASICS-Gel-Quantum-Infinity-Shoes-Black/dp/B07QYB5RMH?psc=1,ASICS Men's Gel-Quantum Infinity Shoes,ASICS,180.0,125.45,30,211,4.5
https://www.amazon.com/NIKE-Superfly-Running-Trainers-Sneakers/dp/B01DQ3QSGM?psc=1,Nike Air Max 90 Ultra Superfly Mens Running Trainers 850613 Sneakers Shoes,Nike,0.0,240.0,0,13,4.6
https://www.amazon.com/Nike-Downshifter-Fitness-Lifestyle-Running/dp/B08QBFTD27?psc=1,Nike Mens Downshifter 11 Fitness Lifestyle Running Shoes Black 10 Medium (D),Nike,0.0,68.99,0,61,4.1
https://www.amazon.com/Nike-Mens-Huarache-Premium-Running/dp/B0B5Y7148N?psc=1,Nike Mens Air Huarache Premium Running Shoe,Nike,0.0,159.95,0,0,0.0
https://www.amazon.com/Nike-Mens-Quest-Running-Shoes/dp/B07L99F9Z4?psc=1,Nike Men's Trail Running Shoes,Nike,0.0,103.83,0,1365,4.6
https://www.amazon.com/Nike-Vision-Casual-Running-Cd4373-002/dp/B084N5L1M2?psc=1,Nike Men's Running Shoe,Nike,0.0,124.89,0,797,4.5
https://www.amazon.com/PUMA-Accent-Running-Sneakers-Shoes/dp/B09TS23Q4L?psc=1,PUMA Mens Accent Running Sneakers Shoes - Black,PUMA,0.0,54.95,0,0,0.0
https://www.amazon.com/PUMA-Zapatillas-Running-Black-White/dp/B077MKVLX6?psc=1,PUMA Men's Competition Running Shoes,PUMA,0.0,113.98,0,7864,4.3
https://www.amazon.com/adidas-Mens-Adistar-CS/dp/B0B6W5MY32?psc=1,adidas Men's Adistar CS,Adidas,0.0,159.95,0,0,0.0
https://www.amazon.com/adidas-Response-Solar-Running-Black/dp/B098RJ51LT?psc=1,adidas Men's Response Running Shoe,Adidas,70.0,56.24,20,3,4.7
https://www.amazon.com/ASICS-GT-1000-Running-Carbon-Black/dp/B077MQ659K?psc=1,ASICS Men's GT-1000 7 Running Shoes,ASICS,0.0,103.33,0,2978,4.6
https://www.amazon.com/ASICS-Hyper-LD-Track-Field/dp/B07KPHRCVB?psc=1,ASICS Unisex's Hyper LD 6 Track & Field Shoes,ASICS,0.0,68.79,0,60,4.2
https://www.amazon.com/ASICS-Mens-Gel-MC-Shoes-Metropolis/dp/B08T867XXC?psc=1,ASICS Men's Gel-MC Plus Shoes,ASICS,100.0,68.95,31,43,4.5
https://www.amazon.com/Nike-Zoom-Type-Running-Comfort-Cv2220-100/dp/B092RFBJ3V?psc=1,Nike Men's Stroke Running Shoe,Nike,0.0,118.2,0,19,4.0
https://www.amazon.com/adidas-Mens-Casual-Shoes-White/dp/B0B83VM3CM?psc=1,adidas Men's NMD R1 V2 Casual Shoes,Adidas,0.0,159.99,0,109,4.4
https://www.amazon.com/adidas-Running-Black-Solar-Carbon/dp/B091MDGHRM?psc=1,adidas Men's Eq21 Running Shoe,Adidas,80.0,41.7,48,33,4.5
https://www.amazon.com/adidas-Running-Ultraboost-Footwear-Metallic/dp/B089K378L2?psc=1,adidas Running Ultraboost 20,Adidas,180.0,139.49,23,110,4.7
https://www.amazon.com/adidas-Terrex-Agravic-Black-Turbo/dp/B09GJ34GT6?psc=1,adidas Terrex Agravic Flow 2,Adidas,0.0,129.0,0,0,0.0
